cohort,source,model,scale,weight,iterate,converged,a,beta,c,b,m,h2,r,theta,weighted_R2
1780-1859,published,unrestricted,log,equal,False,True,-0.5488653406890458,-0.2702227258726234,0.16177311816008758,0.763209488905841,0.5264189778116819,0.57760482339282,0.7944482137058095,1.0,0.7549247548242238
1780-1859,published,unrestricted,level,equal,False,True,-0.41515671058033693,-0.2881109911851938,0.06325237622108651,0.7496783799293077,0.4993567598586155,0.6602368065043366,0.5972582499701291,1.0,0.9640028092149386
1780-1859,published,ph_fixed,log,equal,False,True,-0.5624317524048497,-0.26886135922333065,0.23192778100687794,0.764249204406888,0.528498408813776,0.5698217123654475,0.9274802931251426,1.0,0.7540554618371017
1780-1859,published,ph_fixed,level,equal,False,True,-0.4292442364196921,-0.29842583784964527,0.16113045684100302,0.7419853070355884,0.4839706140711768,0.6510009116310114,0.7434254014462768,1.0,0.9538953453253255
1780-1859,published,ph_free,log,equal,False,True,-0.5488653398675666,-0.2702227261859497,0.16177312958895196,0.7632094886667073,0.5264189773334147,0.662622125690272,0.7944482336520672,0.871695648957697,0.7549247548242238
1780-1859,published,ph_free,level,equal,False,True,-0.41515670977395464,-0.28811099133238827,0.06325237495032193,0.7496783798189592,0.4993567596379186,0.8360818147869707,0.5972582477052824,0.7896796645492937,0.9640028092149386
1780-1859,published,genetic,log,equal,False,True,-0.46925690393070335,-0.2817257796172582,0.0,0.7544805501136367,0.5089611002272734,0.625466877614868,0.31833831018658054,1.0,0.7511452355060682
1780-1859,published,genetic,level,equal,False,True,-0.3747424409416284,-0.2956761350745432,0.0,0.7440283536916925,0.488056707383385,0.6874663191686443,0.3355225481704238,1.0,0.9611980454233311
1780-1859,published,unrestricted,log,N,False,True,-0.5696893257181374,-0.2631324914772003,0.18371705595881724,0.7686400523085462,0.5372801046170923,0.5657011602037428,0.8473122503350281,1.0,0.7298428173350333
1780-1859,published,unrestricted,level,N,False,True,-0.42009643633050553,-0.2840012389963897,0.0699474361405304,0.7527657120316189,0.5055314240632378,0.6569834596859417,0.6146098970848153,1.0,0.9587532624987541
1780-1859,published,ph_fixed,log,N,False,True,-0.5764612172426096,-0.26237110001955444,0.24129914075863493,0.7692255111317684,0.5384510222635368,0.5618832351889524,0.9582970064633879,1.0,0.7294726119600283
1780-1859,published,ph_fixed,level,N,False,True,-0.4359427767368825,-0.28706135757077217,0.16751763777887596,0.7504656806732667,0.5009313613465334,0.646654728570403,0.7746504265946857,1.0,0.9516850728754678
1780-1859,published,ph_free,log,N,False,True,-0.5696893200133468,-0.2631324922042944,0.1837170251605046,0.7686400517496725,0.5372801034993452,0.6340993420254671,0.847312192097759,0.8921333392713556,0.7298428173350333
1780-1859,published,ph_free,level,N,False,True,-0.42009643517946005,-0.2840012393892965,0.06994743541094284,0.7527657117358522,0.5055314234717044,0.8225240552751406,0.6146098952724249,0.7987407252452862,0.9587532624987541
1780-1859,published,genetic,log,N,False,True,-0.5107032251196983,-0.27169660160376197,0.0,0.7620854415189316,0.5241708830378633,0.6000734436823874,0.3145410268625685,1.0,0.7265281598329976
1780-1859,published,genetic,level,N,False,True,-0.38456258562549356,-0.2913776153184063,0.0,0.7472334579359892,0.4944669158719782,0.6807483401992622,0.3366075322632974,1.0,0.9561309624971733
1780-1859,published,unrestricted,log,normal_corr,False,True,-0.5298893189753998,-0.2681871024527388,0.15690389816498573,0.7647646783687544,0.5295293567375088,0.5886701206849075,0.7893706686476061,1.0,0.7780556585195635
1780-1859,published,unrestricted,log,normal_corr,True,True,-0.5361711329010805,-0.2682049293194895,0.16203761244062367,0.7647510451322568,0.5295020902645136,0.5849837950512309,0.7985483434799989,1.0,0.7714746205887857
1780-1859,published,unrestricted,level,normal_corr,False,True,-0.42951497421331486,-0.2806831699825529,0.0790670985653681,0.7552675890202615,0.510535178040523,0.6508246849372396,0.6348173885360464,1.0,0.9691511734880643
1780-1859,published,unrestricted,level,normal_corr,True,False,-0.42901741470851545,-0.28148338451258453,0.07899709134312262,0.754663454672245,0.5093269093444901,0.6511485895194076,0.6333953537160986,1.0,0.9687368133382277
1780-1859,published,ph_fixed,log,normal_corr,False,True,-0.54025769247619,-0.267034815416747,0.22200455676089131,0.7656464147023347,0.5312928294046695,0.582598101880997,0.9119371101438856,1.0,0.7774203197608214
1780-1859,published,ph_fixed,log,normal_corr,True,False,-0.5476034106369486,-0.26691531159205073,0.22556038564965802,0.7657379178446355,0.531475835689271,0.5783341803796561,0.9189770442763313,1.0,0.7739594501148486
1780-1859,published,ph_fixed,level,normal_corr,False,True,-0.4440338415741532,-0.286731829892919,0.1711609184557654,0.7507130206367711,0.5014260412735424,0.6414437129950299,0.7817147960376495,1.0,0.9610332857610019
1780-1859,published,ph_fixed,level,normal_corr,True,False,-0.4439776522376706,-0.2883996589141077,0.17061250811327744,0.7494620032059489,0.49892400641189777,0.6414797563042693,0.7777704619804807,1.0,0.9614210821784966
1780-1859,published,ph_free,log,normal_corr,False,True,-0.5298893260145094,-0.26818710139869073,0.15690391982848403,0.7647646791748531,0.5295293583497063,0.6708246861868166,0.7893707092977177,0.8775319821448201,0.7780556585195634
1780-1859,published,ph_free,log,normal_corr,True,False,-0.5361711331590694,-0.26820492930308804,0.16203761836735975,0.7647510451447999,0.5295020902895996,0.6630808109805788,0.798548354169019,0.8822209679619961,0.7714746206961185
1780-1859,published,ph_free,level,normal_corr,False,True,-0.4295149735103442,-0.2806831703056677,0.07906709869414064,0.7552675887762234,0.5105351775524467,0.8042236823180063,0.6348173882183324,0.8092582943079771,0.9691511734880643
1780-1859,published,ph_free,level,normal_corr,True,False,-0.42901741455270836,-0.28148338461151196,0.07899709114566643,0.7546634545975881,0.5093269091951761,0.8041216383989327,0.633395353231987,0.8097637950862105,0.9687368133438161
1780-1859,published,genetic,log,normal_corr,False,True,-0.4690242872077526,-0.27715931946422634,0.0,0.7579337338943952,0.5158674677887906,0.6256123885937404,0.32273307872114965,1.0,0.7748632655221339
1780-1859,published,genetic,log,normal_corr,True,False,-0.47669771092347946,-0.2769199471530417,0.0,0.7581151839601967,0.5162303679203933,0.6208301711100737,0.3204913876482341,1.0,0.7650512125387967
1780-1859,published,genetic,level,normal_corr,False,True,-0.3843657489900598,-0.2903833287652901,0.0,0.7479767915973468,0.49595358319469346,0.6808823496006713,0.3376860410184749,1.0,0.9650503377617305
1780-1859,published,genetic,level,normal_corr,True,True,-0.3882779095157616,-0.2899686059684507,0.0,0.7482870589573556,0.4965741179147113,0.6782238322140215,0.33678840123041287,1.0,0.9643599320901243
1780-1859,published,unrestricted,log,normal_log,False,True,-0.4755686568844369,-0.25146874728087754,0.09207082710162769,0.7776577611495723,0.5553155222991446,0.6215315177769642,0.7053140040560724,1.0,0.974026091080075
1780-1859,published,unrestricted,log,normal_log,True,True,-0.40050837986605636,-0.3012866531787179,0.07407521111255817,0.7398656575038581,0.47973131500771626,0.6699793554278812,0.5935045950527553,1.0,0.8848175077816522
1780-1859,published,unrestricted,level,normal_log,False,True,-0.4718410745407145,-0.25522137695213126,0.09825069898627603,0.7747449682956639,0.5494899365913277,0.6238526511088561,0.7094582416934287,1.0,0.9920542162129239
1780-1859,published,unrestricted,level,normal_log,True,True,-0.45541516411573374,-0.2682177074379465,0.09463367312853267,0.7647412731152461,0.5294825462304922,0.6341846225881902,0.6812930100901224,1.0,0.9834446311588516
1780-1859,published,ph_fixed,log,normal_log,False,True,-0.4890481089009595,-0.2577805544948688,0.20101418322272366,0.7727647932619359,0.545529586523872,0.6132098254335302,0.8896295589167879,1.0,0.9489695310184638
1780-1859,published,ph_fixed,log,normal_log,True,True,-0.41449010087949545,-0.3073777629160967,0.15219644209953037,0.7353727518748608,0.47074550374972174,0.6606770734912237,0.7125198113234892,1.0,0.8778229263029134
1780-1859,published,ph_fixed,level,normal_log,False,True,-0.4406024342479037,-0.29909784240930404,0.16577710406055082,0.7414868570251585,0.48297371405031697,0.6436485483318289,0.7503686838136437,1.0,0.953157546529399
1780-1859,published,ph_fixed,level,normal_log,True,False,-0.42080295597630085,-0.3170831380714955,0.15185176974006787,0.7282702056283288,0.45654041125665756,0.6565194518993211,0.695395102058102,1.0,0.9504234879569889
1780-1859,published,ph_free,log,normal_log,False,True,-0.4755686569309378,-0.25146874723841095,0.09207082696870024,0.7776577611825968,0.5553155223651935,0.7873309182763693,0.7053140039018084,0.7894158648166948,0.974026091080075
1780-1859,published,ph_free,log,normal_log,True,False,-0.40050838079586876,-0.30128665294089085,0.07407521233867045,0.7398656576798182,0.4797313153596364,0.8083026104143147,0.5935045973855494,0.8288719424789588,0.884817507785288
1780-1859,published,ph_free,level,normal_log,False,True,-0.47184107423030913,-0.25522137727347455,0.09825069921335237,0.7747449680467048,0.5494899360934096,0.7745204776346309,0.7094582415322835,0.805469538013683,0.9920542162129239
1780-1859,published,ph_free,level,normal_log,True,False,-0.4554151654220869,-0.2682177064446023,0.0946336732343339,0.7647412738748974,0.5294825477497949,0.7771730202303841,0.6812930119381084,0.8160147164806677,0.9834446311391483
1780-1859,published,genetic,log,normal_log,False,True,-0.41903063617431646,-0.2636407843552903,0.0,0.7682494573208778,0.5364989146417555,0.6576840460360913,0.3528467768755613,1.0,0.9616102627039147
1780-1859,published,genetic,log,normal_log,True,True,-0.36374906862652995,-0.30876187654790416,0.0,0.7343556165023815,0.468711233004763,0.6950655866241018,0.32578504812576164,1.0,0.8764713341473803
1780-1859,published,genetic,level,normal_log,False,True,-0.39861698928201195,-0.27580500997111773,0.0,0.7589609061429199,0.5179218122858397,0.6712477472062506,0.34765384972584845,1.0,0.9592658462071433
1780-1859,published,genetic,level,normal_log,True,True,-0.40324155650817917,-0.27978485866893754,0.0,0.7559463592681367,0.5118927185362734,0.668150683682758,0.34202146986223664,1.0,0.9539334120660736
1780-1859,published,unrestricted,log,student_corr,False,True,-0.5484225382399153,-0.2658478579461927,0.16940052686160367,0.7665557439949069,0.5331114879898138,0.5778606448582536,0.8161154455113546,1.0,0.7549499898685719
1780-1859,published,unrestricted,level,student_corr,False,True,-0.42495667354520233,-0.2823121944041855,0.07467340128587294,0.7540382412635013,0.5080764825270025,0.653798111270522,0.625000928947655,1.0,0.9643629479056439
1780-1859,published,ph_fixed,log,student_corr,False,True,-0.5568745374405616,-0.2649000700491269,0.23078898286430044,0.7672826206595313,0.5345652413190628,0.5729971492328685,0.9329282737876471,1.0,0.7544632528327042
1780-1859,published,ph_fixed,level,student_corr,False,True,-0.44034072614798925,-0.2866845376037485,0.16955697712023446,0.750748524413548,0.501497048827096,0.6438170184144566,0.7789434489665163,1.0,0.9568050350850058
1780-1859,published,ph_free,log,student_corr,False,True,-0.5484225453579452,-0.2658478567117887,0.1694005300770275,0.7665557449411464,0.5331114898822927,0.6532304804858124,0.816115453592756,0.8846198363482135,0.7549499898685719
1780-1859,published,ph_free,level,student_corr,False,True,-0.42495667216195093,-0.28231219496507454,0.07467340116837713,0.7540382408405695,0.508076481681139,0.8129211638657198,0.6250009278452789,0.8042577081716684,0.9643629479056439
1780-1859,published,genetic,log,student_corr,False,True,-0.4885090694948105,-0.2746105650663774,0.0,0.7598679847500257,0.5197359695000514,0.613540458797877,0.31887904518082094,1.0,0.7517160651406194
1780-1859,published,genetic,level,student_corr,False,True,-0.384709391677979,-0.29080756185939005,0.0,0.7476595423872975,0.49531908477459496,0.6806484095580925,0.33713814727559804,1.0,0.9610629205443938
1780-1859,published,unrestricted,log,student_log,False,True,-0.4753404743732986,-0.2514468335616999,0.08932921635865666,0.7776748027100877,0.5553496054201754,0.621673356581394,0.7006823678131822,1.0,0.9721207938147395
1780-1859,published,unrestricted,level,student_log,False,True,-0.47132092658799135,-0.25508742748679164,0.09597985678141058,0.774848751920667,0.5496975038413341,0.624177231195647,0.705809212968276,1.0,0.9920404886815335
1780-1859,published,ph_fixed,log,student_log,False,True,-0.4894229384023429,-0.25613128541906244,0.2017410298761057,0.7740403419106715,0.548080683821343,0.6129800193721558,0.894124876015884,1.0,0.9502223732018712
1780-1859,published,ph_fixed,level,student_log,False,True,-0.44463669624450086,-0.29412727915757997,0.16909063893349577,0.7451816393157711,0.4903632786315422,0.6410571321946142,0.7649291365854052,1.0,0.9549613532058281
1780-1859,published,ph_free,log,student_log,False,True,-0.47534047466400603,-0.2514468334674443,0.08932921668986593,0.777674802783388,0.555349605566776,0.7925839588721411,0.7006823685367628,0.7843627787841172,0.9721207938147395
1780-1859,published,ph_free,level,student_log,False,True,-0.47132092545478016,-0.25508742802575257,0.09597985597771833,0.7748487515030538,0.5496975030061076,0.7788188290686873,0.7058092106779656,0.8014408596789625,0.9920404886815335
1780-1859,published,genetic,log,student_log,False,True,-0.4236870384131219,-0.2623310058033888,0.0,0.7692563532439829,0.5385127064879659,0.6546287234975341,0.35252588563541937,1.0,0.9621786663058766
1780-1859,published,genetic,level,student_log,False,True,-0.40313571896287265,-0.2738935525336799,0.0,0.7604130149916937,0.5208260299833875,0.6682214028533195,0.3480271003980242,1.0,0.9645942707737657
1780-1859,published,unrestricted,log,inverse_se_corr,False,True,-0.5384810653975285,-0.26928081714209445,0.15890360441447898,0.7639287012496835,0.527857402499367,0.5836340814469531,0.7909925579694372,1.0,0.7654352044775531
1780-1859,published,unrestricted,level,inverse_se_corr,False,True,-0.4226447820892489,-0.28426550604604534,0.07159193583759661,0.7525668071409803,0.5051336142819607,0.6553113701089657,0.6168399730353882,1.0,0.9664934531813237
1780-1859,published,ph_fixed,log,inverse_se_corr,False,True,-0.5501593213051146,-0.26803811001928013,0.22635620116011487,0.7648786310080375,0.5297572620160751,0.5768578973057612,0.9183496741404226,1.0,0.7647063471763703
1780-1859,published,ph_fixed,level,inverse_se_corr,False,True,-0.43720725121950155,-0.29199571344543884,0.1665409525753484,0.7467717370442919,0.49354347408858384,0.6458375669159705,0.7641913375299186,1.0,0.9575267101769477
1780-1859,published,ph_free,log,inverse_se_corr,False,True,-0.5384810664811712,-0.2692808168055119,0.15890360531870412,0.7639287015068086,0.5278574030136172,0.6673354840223521,0.7909925601917144,0.8745737260914987,0.7654352044775533
1780-1859,published,ph_free,level,inverse_se_corr,False,True,-0.42264478246003934,-0.2842655057483161,0.0715919362372015,0.7525668073650414,0.5051336147300829,0.8189054469364061,0.616839974162866,0.8002283686322483,0.9664934531813237
1780-1859,published,genetic,log,inverse_se_corr,False,True,-0.4700035236172803,-0.27927546560008226,0.0,0.7563315311976011,0.5126630623952022,0.625000066017788,0.3204144478418828,1.0,0.7620143829163994
1780-1859,published,genetic,level,inverse_se_corr,False,True,-0.3797014048424519,-0.2929538950267064,0.0,0.7460565368210048,0.4921130736420095,0.6840656374068382,0.33663764339715957,1.0,0.9630418293671137
1780-1859,published,unrestricted,log,inverse_se_log,False,True,-0.4679023475704305,-0.2598370928667998,0.08188126148524076,0.7711772058388812,0.5423544116777623,0.6263146818217407,0.6739587817914436,1.0,0.9173892745322879
1780-1859,published,unrestricted,level,inverse_se_log,False,True,-0.45915335815970776,-0.2619255667095963,0.08461237201596918,0.7695683030767918,0.5391366061535836,0.6318183429709875,0.6750348748501145,1.0,0.9878154482117447
1780-1859,published,ph_fixed,log,inverse_se_log,False,True,-0.4914024068160525,-0.2592728859133501,0.20162214374929976,0.7716124321480669,0.5432248642961338,0.6117678449119063,0.8879591642714687,1.0,0.9084576255348166
1780-1859,published,ph_fixed,level,inverse_se_log,False,True,-0.4488446048123417,-0.28967464895032363,0.1723389422233632,0.7485070555230928,0.49701411104618576,0.6383652898806682,0.7785732071038736,1.0,0.9636311800284646
1780-1859,published,ph_free,log,inverse_se_log,False,True,-0.4679023480801254,-0.259837092898923,0.08188126393535977,0.7711772058141084,0.5423544116282167,0.804729344025085,0.673958785839069,0.778292336613225,0.9173892745322879
1780-1859,published,ph_free,level,inverse_se_log,False,True,-0.4591533576737592,-0.2619255672972919,0.08461237280494198,0.7695683026245199,0.5391366052490397,0.7986796313293864,0.6750348751872607,0.7910785733027517,0.9878154482117447
1780-1859,published,genetic,log,inverse_se_log,False,True,-0.42398959529912555,-0.26720571724038633,0.0,0.7655155755144456,0.5310311510288912,0.6544306910290183,0.34752308312577224,1.0,0.9140820361605733
1780-1859,published,genetic,level,inverse_se_log,False,True,-0.40196321905352705,-0.27509867043768343,0.0,0.7594971796085382,0.5189943592170765,0.6690053518878623,0.34721000391583584,1.0,0.9761095537407116
1780-1859,published,unrestricted,log,N_rho2,False,True,-0.4752096294745243,-0.25141443916496853,0.08636517144982814,0.7776999954242239,0.5553999908484477,0.6217547046906832,0.6957038626629322,1.0,0.9699579092389241
1780-1859,published,unrestricted,level,N_rho2,False,True,-0.4707713226758041,-0.2549667640858412,0.09344475702588599,0.7749422534472886,0.5498845068945772,0.6245203757319625,0.7016956132012839,1.0,0.9919903538672464
1780-1859,published,ph_fixed,log,N_rho2,False,True,-0.4895033806916502,-0.25483413555717943,0.20221108633796447,0.7750450397142061,0.5500900794284124,0.6129307118393299,0.897475144911012,1.0,0.9507180232345971
1780-1859,published,ph_fixed,level,N_rho2,False,True,-0.4481510733310686,-0.2895240623574241,0.1720832887513923,0.7486197791374648,0.49723955827492955,0.6388081698636062,0.7783863477843381,1.0,0.9566786990553174
1780-1859,published,ph_free,log,N_rho2,False,True,-0.4752096292585273,-0.25141443920757617,0.08636517107804423,0.7776999953910879,0.555399990782176,0.7983281697147055,0.6957038619602468,0.7788209515983554,0.9699579092389241
1780-1859,published,ph_free,level,N_rho2,False,True,-0.47077132184512543,-0.2549667644470715,0.09344475632611125,0.774942253167356,0.5498845063347119,0.7836510552501679,0.7016956113957764,0.7969368152657822,0.9919903538672464
1780-1859,published,genetic,log,N_rho2,False,True,-0.4283132979211704,-0.26109170163418854,0.0,0.7702102868345864,0.5404205736691728,0.651607235623606,0.35214195608269305,1.0,0.9620245900808694
1780-1859,published,genetic,level,N_rho2,False,True,-0.40758667930013565,-0.2720653674727611,0.0,0.7618044622298084,0.5236089244596167,0.6652537851663194,0.3483328189436254,1.0,0.9690890090734751
1780-1859,literal_raw_flags,unrestricted,log,equal,False,True,-0.9905000626233561,-0.1994655289018327,0.49778546229165926,0.8191684579625684,0.6383369159251369,0.3713909258581339,1.6951857177406398,1.0,0.6510915719100506
1780-1859,literal_raw_flags,unrestricted,level,equal,False,True,-0.9906264667779183,-0.17061190927495468,0.4730702852876362,0.8431487281859014,0.6862974563718027,0.3713439834690577,1.7063627008911082,1.0,0.7821139073125732
1780-1859,literal_raw_flags,ph_fixed,log,equal,False,True,-0.6213003952274323,-0.26315509838665085,0.2631550983866509,0.7686226759288974,0.5372453518577949,0.537245351857795,0.9999999999999999,1.0,0.6138373369822294
1780-1859,literal_raw_flags,ph_fixed,level,equal,False,True,-0.6560487557777173,-0.2751623849686352,0.27516238496863515,0.7594487901435527,0.5188975802871053,0.5188975802871054,0.9999999999999999,1.0,0.7085234200395323
1780-1859,literal_raw_flags,ph_free,log,equal,False,True,-0.8381541440219865,-0.2229256421473335,0.2229256421473336,0.8001743463286427,0.6003486926572854,0.6003486926572855,0.9999999999999999,0.7204282112725555,0.6381871465392964
1780-1859,literal_raw_flags,ph_free,level,equal,False,True,-0.7663311150512879,-0.21737146649370653,0.21737146649370648,0.8046310203198277,0.6092620406396554,0.6092620406396555,0.9999999999999999,0.7627505064309364,0.738573869160717
1780-1859,literal_raw_flags,genetic,log,equal,False,True,-0.7455401737545684,-0.23486110905533994,0.0,0.7906806603865446,0.5813613207730893,0.47447793017903345,0.27584311616656454,1.0,0.60932180571035
1780-1859,literal_raw_flags,genetic,level,equal,False,True,-0.6913376660030427,-0.21702185901544238,0.0,0.8049123745206754,0.609824749041351,0.5009055763581552,0.3054646173960253,1.0,0.6423969354949786
1780-1859,literal_raw_flags,unrestricted,log,N,False,True,-1.0572432061539396,-0.187042952043894,0.568619312272244,0.8294081108467314,0.6588162216934628,0.34741223530341886,1.9291829889650352,1.0,0.6001444607886426
1780-1859,literal_raw_flags,unrestricted,level,N,False,True,-1.0684028720110341,-0.15447283605321363,0.5521024522463509,0.8568667677092482,0.7137335354184964,0.3435567836314427,1.9765853765959216,1.0,0.7192708082844058
1780-1859,literal_raw_flags,ph_fixed,log,N,False,True,-0.617142772160041,-0.26170010260527704,0.26170010260527704,0.7697418326665691,0.5394836653331383,0.5394836653331384,0.9999999999999999,1.0,0.5334436091283152
1780-1859,literal_raw_flags,ph_fixed,level,N,False,True,-0.6740633788658483,-0.28128025410717405,0.28128025410717417,0.7548167653362425,0.5096335306724851,0.5096335306724852,0.9999999999999999,1.0,0.5794349228576579
1780-1859,literal_raw_flags,ph_free,log,N,False,True,-0.9364660581343967,-0.20547975728894652,0.2054797572889465,0.8142565771609418,0.6285131543218837,0.6285131543218838,0.9999999999999999,0.6237112633614622,0.5838645713951343
1780-1859,literal_raw_flags,ph_free,level,N,False,True,-0.8539179508631661,-0.19877243689252333,0.19877243689252327,0.8197364138751768,0.6394728277503535,0.6394728277503536,0.9999999999999999,0.6657728037435163,0.6472307467210203
1780-1859,literal_raw_flags,genetic,log,N,False,True,-0.8926600863626785,-0.21062519887696612,0.0,0.8100776279949167,0.6201552559898335,0.4095648246095205,0.25399377865014844,1.0,0.5605816094777847
1780-1859,literal_raw_flags,genetic,level,N,False,True,-0.8391624041398767,-0.1904251843031275,0.0,0.8266075986392243,0.6532151972784486,0.43207227385545594,0.2822361756050395,1.0,0.5609740109599168
1780-1859,literal_raw_flags,unrestricted,log,normal_corr,False,True,-0.998365746714698,-0.19375295684828817,0.5309660931815923,0.8238614084493018,0.6477228168986036,0.3684811408877234,1.8020752878890223,1.0,0.6518707246919196
1780-1859,literal_raw_flags,unrestricted,log,normal_corr,True,True,-1.0695950666565297,-0.18495966332501945,0.5855883502470619,0.8311378085116304,0.6622756170232609,0.343147441130027,1.9855257664005035,1.0,0.6410169825124981
1780-1859,literal_raw_flags,unrestricted,level,normal_corr,False,True,-1.0216521409081014,-0.15835773185174637,0.5229289059586635,0.853544387332816,0.707088774665632,0.35999967838474045,1.87979282174698,1.0,0.7698027223664323
1780-1859,literal_raw_flags,unrestricted,level,normal_corr,True,False,-1.0816934690355446,-0.15188971139635546,0.5685613151846762,0.8590830225835302,0.7181660451670604,0.339020917815257,2.0338085710214426,1.0,0.7646167491114836
1780-1859,literal_raw_flags,ph_fixed,log,normal_corr,False,True,-0.6145623028645537,-0.26079506665341146,0.2607950666534114,0.7704387920378586,0.5408775840757173,0.5408775840757174,0.9999999999999998,1.0,0.6037740704285883
1780-1859,literal_raw_flags,ph_fixed,log,normal_corr,True,True,-0.6237425687153565,-0.26400792542910506,0.2640079254291051,0.7679674531609821,0.5359349063219642,0.5359349063219643,0.9999999999999999,1.0,0.5531489694568452
1780-1859,literal_raw_flags,ph_fixed,level,normal_corr,False,True,-0.6584620139124496,-0.27598616616901706,0.275986166169017,0.7588234281236824,0.5176468562473648,0.517646856247365,0.9999999999999999,1.0,0.672242001331288
1780-1859,literal_raw_flags,ph_fixed,level,normal_corr,True,True,-0.6905077920456815,-0.28680150201220694,0.28680150201220705,0.7506607186916612,0.5013214373833225,0.5013214373833226,0.9999999999999999,1.0,0.601424874323712
1780-1859,literal_raw_flags,ph_free,log,normal_corr,False,True,-0.856594585833279,-0.21591842902471683,0.21591842902471678,0.8058010291685569,0.6116020583371139,0.611602058337114,0.9999999999999999,0.6942513929440656,0.6361331687864882
1780-1859,literal_raw_flags,ph_free,log,normal_corr,True,False,-0.9345714471118344,-0.20575001367128573,0.2057500136712858,0.8140365488574682,0.6280730977149365,0.6280730977149366,0.9999999999999999,0.6253319029628923,0.5942460181375078
1780-1859,literal_raw_flags,ph_free,level,normal_corr,False,True,-0.7770620873502049,-0.21284277909985577,0.2128427790998558,0.8082832062405301,0.6165664124810601,0.6165664124810603,0.9999999999999999,0.7456694673657036,0.7077867281509342
1780-1859,literal_raw_flags,ph_free,level,normal_corr,True,False,-0.84647641588932,-0.201907493261173,0.20190749326117308,0.8171705182255841,0.6343410364511681,0.6343410364511682,0.9999999999999999,0.6761719582992747,0.642266821016821
1780-1859,literal_raw_flags,genetic,log,normal_corr,False,True,-0.7874898386442256,-0.22458136951035723,0.0,0.7988505719753662,0.5977011439507324,0.4549854499637135,0.27194532392425025,1.0,0.6076830840674216
1780-1859,literal_raw_flags,genetic,log,normal_corr,True,False,-0.9019207137682862,-0.2089033276381465,0.0,0.8114736789288255,0.6229473578576511,0.4057895052639319,0.2527855001505298,1.0,0.5590355380263985
1780-1859,literal_raw_flags,genetic,level,normal_corr,False,True,-0.7269720873857437,-0.20830210212684455,0.0,0.8119617042982981,0.6239234085965962,0.483370379763801,0.3015860949568619,1.0,0.60725604764689
1780-1859,literal_raw_flags,genetic,level,normal_corr,True,False,-0.8566985281601761,-0.18501321142677293,0.0,0.8310933038512698,0.6621866077025396,0.4245614487295453,0.2811389054954933,1.0,0.5309825570631799
1780-1859,literal_raw_flags,unrestricted,log,normal_log,False,True,-0.7499236388649718,-0.18474009322445006,0.2896228420166935,0.8313203215603033,0.6626406431206067,0.4724026245643565,1.2211607716596276,1.0,0.7763912090600784
1780-1859,literal_raw_flags,unrestricted,log,normal_log,True,True,-1.1671947898428232,-0.15867520587045986,0.6598270860911732,0.8532734521757314,0.7065469043514627,0.3112388080746478,2.3012429886524326,1.0,0.7138489528801818
1780-1859,literal_raw_flags,unrestricted,level,normal_log,False,True,-0.7992561008483129,-0.1571283306209994,0.31588663711454,0.8545943811526983,0.7091887623053965,0.44966334390945867,1.344109268900743,1.0,0.8280406163443804
1780-1859,literal_raw_flags,unrestricted,level,normal_log,True,False,-1.1438657872040954,-0.14105175267299547,0.6261976772155009,0.868444366217354,0.736888732434708,0.31858505619512456,2.2488240662655072,1.0,0.8146702340903056
1780-1859,literal_raw_flags,ph_fixed,log,normal_log,False,True,-0.5721046741807394,-0.24568544419738222,0.24568544419738228,0.782168221786365,0.5643364435727299,0.56433644357273,0.9999999999999999,1.0,0.738260468158317
1780-1859,literal_raw_flags,ph_fixed,log,normal_log,True,True,-0.7627917829359268,-0.31036225115328586,0.31036225115328586,0.7331813123363303,0.4663626246726607,0.46636262467266076,0.9999999999999999,1.0,0.2907328607830926
1780-1859,literal_raw_flags,ph_fixed,level,normal_log,False,True,-0.6018089560772888,-0.2562998479902911,0.25629984799029104,0.7739098786763223,0.5478197573526447,0.5478197573526448,0.9999999999999999,1.0,0.7831872657098694
1780-1859,literal_raw_flags,ph_fixed,level,normal_log,True,True,-0.7563387106890676,-0.30830539374377275,0.3083053937437728,0.7346909137363206,0.4693818274726411,0.4693818274726412,0.9999999999999999,1.0,0.46190772033056626
1780-1859,literal_raw_flags,ph_free,log,normal_log,False,True,-0.6634770241460066,-0.20679804525261355,0.20679804525261353,0.8131838597465165,0.626367719493033,0.6263677194930332,0.9999999999999999,0.8222922966220426,0.770265937807364
1780-1859,literal_raw_flags,ph_free,log,normal_log,True,False,-0.9233386710399676,-0.20802789231850585,0.20802789231850594,0.8121843826905164,0.6243687653810327,0.6243687653810328,0.9999999999999999,0.6361476706509331,0.42222356919771353
1780-1859,literal_raw_flags,ph_free,level,normal_log,False,True,-0.6478413052622582,-0.20724709211564454,0.20724709211564446,0.8128187840594105,0.625637568118821,0.6256375681188211,0.9999999999999999,0.836225249449093,0.8122632396511014
1780-1859,literal_raw_flags,ph_free,level,normal_log,True,True,-0.7563387110933911,-0.3083053938729306,0.3083053938729307,0.7346909136414295,0.46938182728285904,0.4693818272828591,0.9999999999999999,0.9999999999999999,0.4619077203229579
1780-1859,literal_raw_flags,genetic,log,normal_log,False,True,-0.4836188436558056,-0.2445497529166541,0.0,0.7830570280251268,0.5661140560502534,0.6165481583739377,0.3490365786873839,1.0,0.7050308553714388
1780-1859,literal_raw_flags,genetic,log,normal_log,True,False,-0.9723658183659954,-0.182720489474599,0.0,0.8330009557353475,0.6660019114706949,0.3781872565356735,0.2518734357466166,1.0,0.31001915217963527
1780-1859,literal_raw_flags,genetic,level,normal_log,False,True,-0.4269414339568806,-0.26401758338600023,0.0,0.767960036200239,0.5359200724004781,0.6525017655554248,0.3496887934379031,1.0,0.700418147934337
1780-1859,literal_raw_flags,genetic,level,normal_log,True,False,-0.946351605091508,-0.14026505753560353,0.0,0.8691278359832739,0.7382556719665478,0.38815458448183815,0.2865573235935356,1.0,0.25657476244689037
1780-1859,literal_raw_flags,unrestricted,log,student_corr,False,True,-1.027826429908923,-0.19038833047858741,0.55014942693791,0.8266380628519859,0.6532761257039719,0.35778378415536743,1.8659740559771105,1.0,0.6258595439184604
1780-1859,literal_raw_flags,unrestricted,level,student_corr,False,True,-1.0451941857748084,-0.15636399240560925,0.5380017004147736,0.8552478299930184,0.7104956599860368,0.3516235324600158,1.9293626933531836,1.0,0.7449906785001734
1780-1859,literal_raw_flags,ph_fixed,log,student_corr,False,True,-0.6158812999500285,-0.2612578617910603,0.26125786179106036,0.7700823192043569,0.5401646384087136,0.5401646384087138,0.9999999999999999,1.0,0.568866253647572
1780-1859,literal_raw_flags,ph_fixed,level,student_corr,False,True,-0.6661277541191082,-0.2785942385057929,0.2785942385057929,0.7568469402642966,0.5136938805285931,0.5136938805285932,0.9999999999999999,1.0,0.6275421997727968
1780-1859,literal_raw_flags,ph_free,log,student_corr,False,True,-0.8960343669681695,-0.2107414515302174,0.2107414515302174,0.8099834597950804,0.6199669195901606,0.6199669195901607,0.9999999999999999,0.658398301670783,0.6096646425182035
1780-1859,literal_raw_flags,ph_free,level,student_corr,False,True,-0.8137935366397543,-0.20600815393045263,0.20600815393045271,0.8138264403716711,0.627652880743342,0.6276528807433421,0.9999999999999999,0.7060808471699089,0.6771370035859487
1780-1859,literal_raw_flags,genetic,log,student_corr,False,True,-0.8406779909254243,-0.2174674775975335,0.0,0.8045537705158722,0.6091075410317444,0.43141792681191843,0.26277991255742067,1.0,0.5837412710643911
1780-1859,literal_raw_flags,genetic,level,student_corr,False,True,-0.7836454888126794,-0.19895558570031677,0.0,0.8195862938758398,0.6391725877516797,0.4567379396349835,0.2919343708008629,1.0,0.582924292101302
1780-1859,literal_raw_flags,unrestricted,log,student_log,False,True,-0.7698455882457698,-0.18133783625968808,0.3012279194881738,0.8341535037883409,0.6683070075766817,0.4630845684914296,1.254745855152691,1.0,0.7594486580812058
1780-1859,literal_raw_flags,unrestricted,level,student_log,False,True,-0.8246844653750833,-0.15106329463005777,0.33047736913552966,0.8597932766395417,0.7195865532790835,0.43837329259701474,1.3930321768273863,1.0,0.8104919922558309
1780-1859,literal_raw_flags,ph_fixed,log,student_log,False,True,-0.5716167176215974,-0.2455093857669753,0.2455093857669753,0.7823059412187847,0.5646118824375693,0.5646118824375694,0.9999999999999999,1.0,0.7166329055015437
1780-1859,literal_raw_flags,ph_fixed,level,student_log,False,True,-0.6022913863527324,-0.25647056790161654,0.25647056790161654,0.7737777681277322,0.5475555362554645,0.5475555362554646,0.9999999999999999,1.0,0.7569751927139031
1780-1859,literal_raw_flags,ph_free,log,student_log,False,True,-0.6757392529827357,-0.20478461050942207,0.204784610509422,0.8148228017800707,0.6296456035601413,0.6296456035601414,0.9999999999999999,0.8080421135629743,0.7514621252410124
1780-1859,literal_raw_flags,ph_free,level,student_log,False,True,-0.6566520583266394,-0.20557894952256078,0.20557894952256087,0.8141758132379613,0.6283516264759225,0.6283516264759226,0.9999999999999999,0.8253095887988082,0.7888613119002397
1780-1859,literal_raw_flags,genetic,log,student_log,False,True,-0.5138064589486128,-0.23744770605191134,0.0,0.7886381309042463,0.5772762618084926,0.5982141618573302,0.3453348351179001,1.0,0.6850993236543165
1780-1859,literal_raw_flags,genetic,level,student_log,False,True,-0.45931100653777096,-0.2523676612320332,0.0,0.7769590278364629,0.5539180556729258,0.6317187456848691,0.3499204193419022,1.0,0.6669016367472939
1780-1859,literal_raw_flags,unrestricted,log,binary_corr,False,True,-1.0932229264487914,-0.20056893215234384,0.6175434428432897,0.8182650833082561,0.6365301666165122,0.33513463698542645,2.0347276717728016,1.0,0.5336651875462648
1780-1859,literal_raw_flags,unrestricted,level,binary_corr,False,True,-1.022968822214208,-0.17783579804367136,0.5321306128281795,0.837079862355596,0.6741597247111919,0.3595259854577526,1.8503505745921807,1.0,0.7068227811576835
1780-1859,literal_raw_flags,ph_fixed,log,binary_corr,False,True,-0.6511268170912402,-0.27347818828300097,0.2734781882830009,0.7607289289790186,0.5214578579580371,0.5214578579580372,0.9999999999999999,1.0,0.4841199831182309
1780-1859,literal_raw_flags,ph_fixed,level,binary_corr,False,True,-0.677769975845567,-0.2825300196723789,0.28253001967237895,0.7538740105688169,0.5077480211376336,0.5077480211376337,0.9999999999999999,1.0,0.617082109277719
1780-1859,literal_raw_flags,ph_free,log,binary_corr,False,True,-0.9686101222019124,-0.2193570421400907,0.21935704214009066,0.803034949645463,0.606069899290926,0.6060698992909261,0.9999999999999999,0.6263473635042597,0.5199699758377907
1780-1859,literal_raw_flags,ph_free,level,binary_corr,False,True,-0.8323177731505844,-0.21719988327564158,0.21719988327564166,0.8047690933448173,0.6095381866896347,0.6095381866896348,0.9999999999999999,0.713720326032135,0.6581097741571709
1780-1859,literal_raw_flags,genetic,log,binary_corr,False,True,-0.9251850045481981,-0.22457916273127815,0.0,0.798852334864041,0.5977046697280819,0.39645806574451964,0.2369648372468623,1.0,0.5009858435551728
1780-1859,literal_raw_flags,genetic,level,binary_corr,False,True,-0.8067625320610468,-0.21223287809229663,0.0,0.8087763293452626,0.617552658690525,0.4463006137905041,0.275614130621539,1.0,0.5825038920298551
1780-1859,literal_raw_flags,unrestricted,log,binary_log,False,True,-0.7586342235267822,-0.1873287529648049,0.2879294365594587,0.8291710991155393,0.6583421982310786,0.46830559119157894,1.2116699510793385,1.0,0.7401968677764303
1780-1859,literal_raw_flags,unrestricted,level,binary_log,False,True,-0.8271512155323217,-0.1518480775924214,0.32510259737872177,0.8591187902222217,0.7182375804444434,0.43729326783185113,1.3783374670837385,1.0,0.7878653446162915
1780-1859,literal_raw_flags,ph_fixed,log,binary_log,False,True,-0.5702122283422123,-0.24500232883522616,0.24500232883522613,0.7827027154540903,0.5654054309081806,0.5654054309081807,0.9999999999999999,1.0,0.7012026839067436
1780-1859,literal_raw_flags,ph_fixed,level,binary_log,False,True,-0.5997729077115311,-0.2555787554543005,0.2555787554543004,0.7744681405684168,0.5489362811368336,0.5489362811368337,0.9999999999999999,1.0,0.7268422698948995
1780-1859,literal_raw_flags,ph_free,log,binary_log,False,True,-0.6866464723119546,-0.20450034658430405,0.2045003465843041,0.8150544594323772,0.6301089188647543,0.6301089188647544,0.9999999999999999,0.7986888088535335,0.7347827863597859
1780-1859,literal_raw_flags,ph_free,level,binary_log,False,True,-0.6701422350666074,-0.2012629832915366,0.2012629832915366,0.8176973625314399,0.6353947250628799,0.63539472506288,0.9999999999999999,0.805225129950772,0.7654588585611968
1780-1859,literal_raw_flags,genetic,log,binary_log,False,True,-0.5460536615511391,-0.23187224802205758,0.0,0.793047430213279,0.5860948604265579,0.5792311481049257,0.3394843989032713,1.0,0.6784451979375261
1780-1859,literal_raw_flags,genetic,level,binary_log,False,True,-0.5028508470746391,-0.2379802642569105,0.0,0.7882182470130876,0.5764364940261754,0.6048039959523079,0.3486310949997695,1.0,0.6438425692813181
1780-1859,literal_raw_flags,unrestricted,log,inverse_se_corr,False,True,-0.9943718737987123,-0.19662398835585118,0.5149406163492691,0.821499468612045,0.6429989372240901,0.3699557504778915,1.7496229922509898,1.0,0.6497368414296656
1780-1859,literal_raw_flags,unrestricted,level,inverse_se_corr,False,True,-1.0065469713024646,-0.16443102760783168,0.49944135020388375,0.8483762694672059,0.6967525389344118,0.36547881202719157,1.7959096313416962,1.0,0.7747189456832294
1780-1859,literal_raw_flags,ph_fixed,log,inverse_se_corr,False,True,-0.6178136407257744,-0.2619351449040666,0.2619351449040667,0.7695609320372274,0.539121864074455,0.5391218640744551,0.9999999999999999,1.0,0.6071875094371055
1780-1859,literal_raw_flags,ph_fixed,level,inverse_se_corr,False,True,-0.6569488415928141,-0.2754697881702,0.27546978817020007,0.7592153690330745,0.5184307380661491,0.5184307380661493,0.9999999999999999,1.0,0.6890471906775035
1780-1859,literal_raw_flags,ph_free,log,inverse_se_corr,False,True,-0.8486620988312262,-0.21922955695050592,0.21922955695050592,0.8031373312341912,0.6062746624683822,0.6062746624683824,0.9999999999999999,0.705929474020691,0.6354874350360964
1780-1859,literal_raw_flags,ph_free,level,inverse_se_corr,False,True,-0.7718935350879871,-0.2150843533597536,0.21508435335975368,0.8064734085664552,0.6129468171329104,0.6129468171329105,0.9999999999999999,0.7539596477865826,0.7219228638453252
1780-1859,literal_raw_flags,genetic,log,inverse_se_corr,False,True,-0.7699554393621211,-0.22924040209099977,0.0,0.7951373578430427,0.5902747156860855,0.4630337009285962,0.27331708616870304,1.0,0.6070536988965112
1780-1859,literal_raw_flags,genetic,level,inverse_se_corr,False,True,-0.7110788686052788,-0.21251379319740993,0.0,0.8085491637663065,0.6170983275326131,0.4911140639949546,0.3030656675190312,1.0,0.6235746092444252
1780-1859,literal_raw_flags,unrestricted,log,inverse_se_log,False,True,-0.8221241469663896,-0.19251084312849204,0.3488768206906836,0.8248853738170114,0.6497707476340229,0.43949710585391083,1.338508091079789,1.0,0.7553776067208463
1780-1859,literal_raw_flags,unrestricted,level,inverse_se_log,False,True,-0.8962430269299597,-0.15319200072171846,0.3866791008381525,0.8579649761016317,0.7159299522032634,0.40810000393425433,1.5259930705551548,1.0,0.800116312389424
1780-1859,literal_raw_flags,ph_fixed,log,inverse_se_log,False,True,-0.5823229116450628,-0.2493596590953455,0.2493596590953455,0.7792996407718322,0.5585992815436643,0.5585992815436644,0.9999999999999999,1.0,0.719535720932546
1780-1859,literal_raw_flags,ph_fixed,level,inverse_se_log,False,True,-0.620308768688979,-0.262808427249389,0.26280842724938897,0.7688891814182984,0.5377783628365969,0.537778362836597,0.9999999999999999,1.0,0.7359675506602372
1780-1859,literal_raw_flags,ph_free,log,inverse_se_log,False,True,-0.7180070772429378,-0.21244813055664724,0.21244813055664727,0.8086022569826872,0.6172045139653745,0.6172045139653746,0.9999999999999999,0.7902134087514449,0.7468197989735028
1780-1859,literal_raw_flags,ph_free,level,inverse_se_log,False,True,-0.6922970533324079,-0.20856895952274535,0.20856895952274537,0.8117450552208079,0.6234901104416156,0.6234901104416157,0.9999999999999999,0.8026193775384923,0.765193937669317
1780-1859,literal_raw_flags,genetic,log,inverse_se_log,False,True,-0.587149678665779,-0.23268415367608747,0.0,0.7924038118348308,0.5848076236696615,0.5559095495306421,0.32510014263628684,1.0,0.7009283149508739
1780-1859,literal_raw_flags,genetic,level,inverse_se_log,False,True,-0.5569704951360083,-0.2251681681952303,0.0,0.7983819450186089,0.5967638900372179,0.5729421683848905,0.34191119717172597,1.0,0.6447640869177755
1780-1859,literal_raw_flags,unrestricted,log,N_rho2,False,True,-0.7900812084011429,-0.17801085388445914,0.3125075427667619,0.8369333394617031,0.6738666789234062,0.45380794076863223,1.2879217424140776,1.0,0.7410863366688634
1780-1859,literal_raw_flags,unrestricted,level,N_rho2,False,True,-0.8503253905068758,-0.14519565314866706,0.34461644429544813,0.8648530653309408,0.7297061306618815,0.4272758778120485,1.441391031419228,1.0,0.790531933299606
1780-1859,literal_raw_flags,ph_fixed,log,N_rho2,False,True,-0.5714678354560335,-0.2454556570178874,0.24545565701788744,0.7823479746676026,0.5646959493352053,0.5646959493352054,0.9999999999999999,1.0,0.692156080512111
1780-1859,literal_raw_flags,ph_fixed,level,N_rho2,False,True,-0.6033609573463777,-0.25684887235965276,0.2568488723596528,0.7734850999108562,0.5469701998217125,0.5469701998217126,0.9999999999999999,1.0,0.7255642112877307
1780-1859,literal_raw_flags,ph_free,log,N_rho2,False,True,-0.6904766425303168,-0.20224382721677647,0.2022438272167765,0.8168957222469864,0.6337914444939727,0.6337914444939728,0.9999999999999999,0.7910126555063072,0.7311170974099688
1780-1859,literal_raw_flags,ph_free,level,N_rho2,False,True,-0.6680361471460079,-0.20305783890863097,0.20305783890863097,0.8162310301483242,0.6324620602966485,0.6324620602966486,0.9999999999999999,0.8106644140852879,0.7618145550527944
1780-1859,literal_raw_flags,genetic,log,N_rho2,False,True,-0.5470609552247888,-0.22997212892014918,0.0,0.7945557473214121,0.5891114946428242,0.5786479859909212,0.3408881798991716,1.0,0.6645198562453192
1780-1859,literal_raw_flags,genetic,level,N_rho2,False,True,-0.49749060046686827,-0.23931672606043775,0.0,0.787165527049813,0.5743310540996259,0.608054598753207,0.34922463865205444,1.0,0.6309692075505414
1780-1859,literal_raw_birth_rule,unrestricted,log,equal,False,True,-0.929525422038407,-0.2187056729053619,0.2846206096497042,0.8035581922996574,0.6071163845993148,0.3947410013057679,1.1362717083765115,1.0,0.7926875934355468
1780-1859,literal_raw_birth_rule,unrestricted,level,equal,False,True,-1.0335799832841444,-0.1756878943919722,0.35868294258230043,0.8388797615617675,0.6777595231235349,0.3557311666410324,1.401616923782306,1.0,0.7685439273307537
1780-1859,literal_raw_birth_rule,ph_fixed,log,equal,False,True,-0.6433307390334945,-0.2707993430067643,0.2707993430067643,0.7627695360919542,0.5255390721839083,0.5255390721839084,0.9999999999999999,1.0,0.7512514648454802
1780-1859,literal_raw_birth_rule,ph_fixed,level,equal,False,True,-0.728136080408675,-0.299209547666857,0.2992095476668569,0.7414040336708105,0.4828080673416211,0.4828080673416212,0.9999999999999999,1.0,0.6593074671325663
1780-1859,literal_raw_birth_rule,ph_free,log,equal,False,True,-0.8958640069310564,-0.22388927479401036,0.22388927479401033,0.7994036436022799,0.5988072872045598,0.5988072872045599,0.9999999999999999,0.6817797980046568,0.7919125528540134
1780-1859,literal_raw_birth_rule,ph_free,level,equal,False,True,-0.902896491960287,-0.20205024810324412,0.2020502481032442,0.8170538715034499,0.6341077430068999,0.6341077430069,0.9999999999999999,0.6393136534081972,0.7506053032883775
1780-1859,literal_raw_birth_rule,genetic,log,equal,False,True,-0.7894638136091301,-0.2389439327865927,0.0,0.7874590317685932,0.5749180635371864,0.4540882059360617,0.2610635120318357,1.0,0.7758882249721053
1780-1859,literal_raw_birth_rule,genetic,level,equal,False,True,-0.8168505580570411,-0.20828894520777344,0.0,0.8119723872830078,0.6239447745660157,0.44182095504402946,0.2756718761934887,1.0,0.6803501811101532
1780-1859,literal_raw_birth_rule,unrestricted,log,N,False,True,-0.7810690780198084,-0.25382237537905655,0.18338065119010125,0.7758295962462425,0.551659192492485,0.4579162013835511,0.8639640999062659,1.0,0.8206587321785167
1780-1859,literal_raw_birth_rule,unrestricted,level,N,False,True,-0.9160176689230208,-0.20304338763618554,0.2749233297513394,0.8162428258105503,0.6324856516211006,0.40010924009448623,1.1490526619218837,1.0,0.7890273334481568
1780-1859,literal_raw_birth_rule,ph_fixed,log,N,False,True,-0.6608629329446424,-0.2768044364777072,0.27680443647770714,0.7582027594149299,0.5164055188298596,0.5164055188298597,0.9999999999999999,1.0,0.8079231996188525
1780-1859,literal_raw_birth_rule,ph_fixed,level,N,False,True,-0.7024283783887225,-0.2907662437729701,0.2907662437729701,0.7476904348870876,0.4953808697741753,0.49538086977417534,0.9999999999999999,1.0,0.720315205153536
1780-1859,literal_raw_birth_rule,ph_free,log,N,False,True,-0.7810690759804639,-0.25382237565407506,0.18338064593691522,0.7758295960328749,0.5516591920657499,0.6385209740834838,0.8639640896018912,0.717151387195512,0.8206587321785168
1780-1859,literal_raw_birth_rule,ph_free,level,N,False,True,-0.8660130962615452,-0.21344285506960528,0.2134428550696052,0.8077983204104306,0.6155966408208614,0.6155966408208615,0.9999999999999999,0.6832805362870289,0.7864756732250205
1780-1859,literal_raw_birth_rule,genetic,log,N,False,True,-0.6993929500760939,-0.26591214792831874,0.0,0.7665064637239577,0.5330129274479154,0.49688684737903477,0.2648471131318649,1.0,0.8151020398422902
1780-1859,literal_raw_birth_rule,genetic,level,N,False,True,-0.756808814446556,-0.2290135731955315,0.0,0.7953177384286589,0.590635476857318,0.4691612211698382,0.27710326158860904,1.0,0.7415349266341615
1780-1859,literal_raw_birth_rule,unrestricted,log,normal_corr,False,True,-0.7528060662230869,-0.2570465349963854,0.17659323606739444,0.7733322259157707,0.5466644518315413,0.4710429188831075,0.8453959871241838,1.0,0.8351956993313691
1780-1859,literal_raw_birth_rule,unrestricted,log,normal_corr,True,True,-0.8132938467898878,-0.24853122197620695,0.21655156269955078,0.7799455090148535,0.559891018029707,0.44339518248962206,0.9370525648079979,1.0,0.8224399654811965
1780-1859,literal_raw_birth_rule,unrestricted,level,normal_corr,False,True,-0.8874797910586826,-0.2061260456736849,0.2699144083210054,0.8137305026091733,0.6274610052183467,0.4116919962788649,1.1317335953243428,1.0,0.8123914880227485
1780-1859,literal_raw_birth_rule,unrestricted,level,normal_corr,True,False,-0.9362321529289407,-0.19913210226328784,0.29831160322083383,0.8194416360878101,0.6388832721756201,0.39210243759717733,1.2085289966094943,1.0,0.7952265894116024
1780-1859,literal_raw_birth_rule,ph_fixed,log,normal_corr,False,True,-0.6595124387787639,-0.2763443265493992,0.2763443265493993,0.7585516963007141,0.5171033926014281,0.5171033926014282,0.9999999999999999,1.0,0.8236258061573789
1780-1859,literal_raw_birth_rule,ph_fixed,log,normal_corr,True,True,-0.6649057837519459,-0.27817937780477536,0.27817937780477536,0.757160991455742,0.5143219829114839,0.514321982911484,0.9999999999999998,1.0,0.8087799974798637
1780-1859,literal_raw_birth_rule,ph_fixed,level,normal_corr,False,True,-0.7010948074110106,-0.29032426930400973,0.2903242693040097,0.7480209680082134,0.4960419360164267,0.49604193601642677,0.9999999999999999,1.0,0.7546109899410985
1780-1859,literal_raw_birth_rule,ph_fixed,level,normal_corr,True,True,-0.7194446238742912,-0.29637127337051955,0.29637127337051955,0.7435113308117706,0.4870226616235412,0.48702266162354124,0.9999999999999999,1.0,0.7322595336103803
1780-1859,literal_raw_birth_rule,ph_free,log,normal_corr,False,True,-0.7528060672004189,-0.2570465348436849,0.17659323936141572,0.7733322260338589,0.5466644520677177,0.6466371455279186,0.8453959934847503,0.7284501388149915,0.8351956993313691
1780-1859,literal_raw_birth_rule,ph_free,log,normal_corr,True,False,-0.8132938477397763,-0.24853122186647597,0.21655156706204312,0.7799455091004377,0.5598910182008755,0.5975022469945171,0.93705257347093,0.7420811960101545,0.8224399652577448
1780-1859,literal_raw_birth_rule,ph_free,level,normal_corr,False,True,-0.8388544398086312,-0.21677162074931827,0.2167716207493183,0.80511381960124,0.6102276392024798,0.6102276392024799,0.9999999999999999,0.7082690612975046,0.8103967393374893
1780-1859,literal_raw_birth_rule,ph_free,level,normal_corr,True,False,-0.8654496682130303,-0.21405721830636323,0.2140572183063632,0.8073021912370231,0.6146043824740461,0.6146043824740463,0.9999999999999999,0.6847693796066907,0.7854477540868062
1780-1859,literal_raw_birth_rule,genetic,log,normal_corr,False,True,-0.6620011583308945,-0.27071520565530044,0.0,0.7628337162004326,0.5256674324008652,0.5158180673482448,0.2711487590489284,1.0,0.8294011957015651
1780-1859,literal_raw_birth_rule,genetic,log,normal_corr,True,False,-0.7193453940727975,-0.2623681393446749,0.0,0.7692277885617873,0.5384555771235746,0.48707099118340375,0.2622660916578112,1.0,0.8068620596862457
1780-1859,literal_raw_birth_rule,genetic,level,normal_corr,False,True,-0.7045609788804277,-0.2379894552945924,0.0,0.7882110025027701,0.5764220050055402,0.49432554597970146,0.28494012233907784,1.0,0.7635268667343899
1780-1859,literal_raw_birth_rule,genetic,level,normal_corr,True,True,-0.772447883446595,-0.22400513120381835,0.0,0.7993110329310182,0.5986220658620364,0.46188105237255644,0.27649218975379114,1.0,0.716552791031657
1780-1859,literal_raw_birth_rule,unrestricted,log,normal_log,False,True,-0.7037295823645099,-0.22343415711278142,0.1273259886279623,0.7997675491385627,0.5995350982771255,0.4947366974076075,0.8167315084141791,1.0,0.7834279697943246
1780-1859,literal_raw_birth_rule,unrestricted,log,normal_log,True,True,-1.0091585438746418,-0.1972774715745571,0.3601388819099747,0.8209628078636259,0.6419256157272517,0.3645255828413644,1.353747151743295,1.0,0.696169456593619
1780-1859,literal_raw_birth_rule,unrestricted,level,normal_log,False,True,-0.7628154565383087,-0.20208489546184114,0.18168114695757465,0.817025563235377,0.634051126470754,0.4663515843200014,0.959605998880529,1.0,0.8094507872550759
1780-1859,literal_raw_birth_rule,unrestricted,level,normal_log,True,False,-1.0205718657132128,-0.18734758562048925,0.38780878462996093,0.8291554837687659,0.6583109675375318,0.36038878724195,1.443932395642638,1.0,0.7104084322239382
1780-1859,literal_raw_birth_rule,ph_fixed,log,normal_log,False,True,-0.6346774694319567,-0.2678098813803596,0.26780988138035955,0.7650532181390657,0.5301064362781313,0.5301064362781314,0.9999999999999999,1.0,0.6814420737700363
1780-1859,literal_raw_birth_rule,ph_fixed,log,normal_log,True,True,-0.7583741965991218,-0.3089551625681382,0.30895516256813826,0.7342136895445215,0.46842737908904286,0.4684273790890429,0.9999999999999999,1.0,0.41906111583082595
1780-1859,literal_raw_birth_rule,ph_fixed,level,normal_log,False,True,-0.6794182640836837,-0.29462106350288786,0.2774254827280714,0.744813771119119,0.48962754223823796,0.5069117954063095,0.9659028388672283,1.0,0.695040130036514
1780-1859,literal_raw_birth_rule,ph_fixed,level,normal_log,True,True,-0.7958752374691959,-0.3207659123243961,0.3207659123243961,0.7255930835098688,0.45118616701973774,0.4511861670197378,0.9999999999999999,1.0,0.5756086218319648
1780-1859,literal_raw_birth_rule,ph_free,log,normal_log,False,True,-0.7037295856221193,-0.22343415616638485,0.1273259908776437,0.79976754989546,0.59953509979092,0.7340663233290996,0.8167315142205945,0.6739672970587239,0.7834279697943246
1780-1859,literal_raw_birth_rule,ph_free,log,normal_log,True,True,-0.9011895684354304,-0.2179921117311101,0.21799211173111016,0.804131784849283,0.6082635696985661,0.6082635696985662,0.9999999999999999,0.667615693401901,0.6197498126218233
1780-1859,literal_raw_birth_rule,ph_free,level,normal_log,False,True,-0.7628153884732731,-0.2020849187033988,0.18168110116193995,0.8170255442464305,0.6340510884928611,0.6607411569137395,0.9596058635948377,0.7058007680958225,0.8094507872550769
1780-1859,literal_raw_birth_rule,ph_free,level,normal_log,True,False,-0.842626175193376,-0.2440595488201159,0.244059548820116,0.783440979887787,0.566881959775574,0.5668819597755741,0.9999999999999999,0.7595554170388186,0.5839586400298508
1780-1859,literal_raw_birth_rule,genetic,log,normal_log,False,True,-0.5796860628710118,-0.2525794843862414,0.0,0.7767944673539715,0.5535889347079431,0.5600741670448318,0.310050861491787,1.0,0.7676415619970999
1780-1859,literal_raw_birth_rule,genetic,log,normal_log,True,False,-0.8475248393933785,-0.21676555768709146,0.0,0.8051187010712262,0.6102374021424525,0.4284741628935475,0.2614709600493204,1.0,0.47939227766360104
1780-1859,literal_raw_birth_rule,genetic,level,normal_log,False,True,-0.5449148077770949,-0.2643954810544426,0.0,0.7676698807210945,0.5353397614421891,0.5798911834545253,0.3104388078129743,1.0,0.7594723348649316
1780-1859,literal_raw_birth_rule,genetic,level,normal_log,True,False,-0.865385101856355,-0.17620336776234682,0.0,0.838447452815132,0.676894905630264,0.4208894361104726,0.28489791513677337,1.0,0.4063907441490533
1780-1859,literal_raw_birth_rule,unrestricted,log,student_corr,False,True,-0.7667613550159902,-0.25545711979705743,0.17992893275594288,0.7745623492391593,0.5491246984783187,0.4645150341166355,0.8545071872609449,1.0,0.8279142761698278
1780-1859,literal_raw_birth_rule,unrestricted,level,student_corr,False,True,-0.9016861261443581,-0.20455877501160813,0.2726055980620568,0.8150068384733679,0.6300136769467357,0.40588470962623274,1.1408308548419273,1.0,0.8006880330949024
1780-1859,literal_raw_birth_rule,ph_fixed,log,student_corr,False,True,-0.6601734813688346,-0.27656959326569563,0.2765695932656956,0.7583808390958906,0.5167616781917812,0.5167616781917813,0.9999999999999999,1.0,0.8158383335954904
1780-1859,literal_raw_birth_rule,ph_fixed,level,student_corr,False,True,-0.7016223028539563,-0.2904991398924216,0.2904991398924216,0.7478901725778636,0.49578034515572716,0.4957803451557272,0.9999999999999999,1.0,0.7377208727068352
1780-1859,literal_raw_birth_rule,ph_free,log,student_corr,False,True,-0.7667613611274653,-0.25545711874366883,0.17992893628747597,0.7745623500550745,0.5491247001101489,0.6426215049240975,0.8545071957637149,0.7228438944517256,0.8279142761698278
1780-1859,literal_raw_birth_rule,ph_free,level,student_corr,False,True,-0.852040666115736,-0.2151511019279023,0.21515110192790235,0.8064195794177127,0.6128391588354253,0.6128391588354254,0.9999999999999999,0.6960123287995086,0.7984013443418845
1780-1859,literal_raw_birth_rule,genetic,log,student_corr,False,True,-0.6806475807260275,-0.26830793354533017,0.0,0.7646722765997076,0.5293445531994152,0.5062890231705818,0.26800133676,1.0,0.8222387502536546
1780-1859,literal_raw_birth_rule,genetic,level,student_corr,False,True,-0.7307483549381392,-0.23335345322300294,0.0,0.7918736337663578,0.5837472675327156,0.4815484860270573,0.28110261290281074,1.0,0.7523014871464603
1780-1859,literal_raw_birth_rule,unrestricted,log,student_log,False,True,-0.7122552905686123,-0.22189208192050566,0.1265035895810747,0.8010018022466385,0.6020036044932771,0.4905366463335724,0.8180394373295281,1.0,0.7723316416580007
1780-1859,literal_raw_birth_rule,unrestricted,level,student_log,False,True,-0.778346195516806,-0.19729103554446734,0.1853543597049342,0.8209516724243231,0.6419033448486462,0.45916475245366556,0.9762685673094582,1.0,0.7945764326365428
1780-1859,literal_raw_birth_rule,ph_fixed,log,student_log,False,True,-0.632460111948905,-0.2670411195928167,0.2670411195928167,0.7656415879477437,0.5312831758954875,0.5312831758954876,0.9999999999999999,1.0,0.6723383100386613
1780-1859,literal_raw_birth_rule,ph_fixed,level,student_log,False,True,-0.6894484916875054,-0.28928925854821824,0.28503434084402596,0.7487955785516315,0.49759115710326296,0.5018527687315631,0.9915082432661049,1.0,0.6739553625436683
1780-1859,literal_raw_birth_rule,ph_free,log,student_log,False,True,-0.7122552920087728,-0.2218920816367182,0.12650359175633463,0.8010018024739528,0.6020036049479056,0.7359102436713073,0.8180394418001731,0.6665712970374387,0.7723316416580007
1780-1859,literal_raw_birth_rule,ph_free,level,student_log,False,True,-0.7783461280354421,-0.19729105890332801,0.1853543153895214,0.8209516532478276,0.6419033064956551,0.6575069770005552,0.9762684335669233,0.6983420701227671,0.7945764326365431
1780-1859,literal_raw_birth_rule,genetic,log,student_log,False,True,-0.5946101781422559,-0.2490241325754549,0.0,0.7795611603391741,0.5591223206783481,0.5517776189253863,0.30851118279193523,1.0,0.7570062706112295
1780-1859,literal_raw_birth_rule,genetic,level,student_log,False,True,-0.5650924327779605,-0.2566784346365124,0.0,0.7736169421852974,0.547233884370595,0.5683076140782017,0.31099718316939934,1.0,0.7406315921997946
1780-1859,literal_raw_birth_rule,unrestricted,log,binary_corr,False,True,-0.795259446366102,-0.2577142420265746,0.20161102679987092,0.7728160389018817,0.5456320778037633,0.45146408900938956,0.8908830937811005,1.0,0.810803526157378
1780-1859,literal_raw_birth_rule,unrestricted,level,binary_corr,False,True,-0.9084335829325855,-0.21433052140160286,0.28186678801528064,0.8070815831971675,0.614163166394335,0.40315523893544125,1.139738118844385,1.0,0.7866321403380405
1780-1859,literal_raw_birth_rule,ph_fixed,log,binary_corr,False,True,-0.6683544606071709,-0.2793493478380085,0.2793493478380085,0.7562756537956612,0.5125513075913224,0.5125513075913225,0.9999999999999999,1.0,0.8018761327163155
1780-1859,literal_raw_birth_rule,ph_fixed,level,binary_corr,False,True,-0.6953028887885175,-0.28840012564305123,0.2884001256430513,0.7494616534104216,0.4989233068208432,0.49892330682084324,0.9999999999999999,1.0,0.7300002687595677
1780-1859,literal_raw_birth_rule,ph_free,log,binary_corr,False,True,-0.7952594390313578,-0.2577142432150066,0.20161102091323566,0.7728160379834423,0.5456320759668846,0.6124620480165337,0.8908830804029754,0.737129906714768,0.810803526157378
1780-1859,literal_raw_birth_rule,ph_free,level,binary_corr,False,True,-0.8663269351239322,-0.2225224233980642,0.22252242339806413,0.8004970566848275,0.600994113369655,0.6009941133696551,0.9999999999999999,0.6996627848754204,0.7847785075907947
1780-1859,literal_raw_birth_rule,genetic,log,binary_corr,False,True,-0.7230522568977608,-0.26814731534688635,0.0,0.7647951067472895,0.5295902134945789,0.48526882808237104,0.256993622266407,1.0,0.8061293651010011
1780-1859,literal_raw_birth_rule,genetic,level,binary_corr,False,True,-0.7680894838392062,-0.2366719757282167,0.0,0.7892501387626476,0.5785002775252951,0.46389850781480946,0.26836541551443754,1.0,0.7481217927672017
1780-1859,literal_raw_birth_rule,unrestricted,log,binary_log,False,True,-0.6984057906911402,-0.2306410862665145,0.11423171452594082,0.7940244011609183,0.5880488023218367,0.4973775960774245,0.7802215250208737,1.0,0.772824270630351
1780-1859,literal_raw_birth_rule,unrestricted,level,binary_log,False,True,-0.8189483907488199,-0.18472536363901548,0.20147318757949917,0.8313325666541856,0.6626651333083713,0.44089506012650315,1.0337777099294492,1.0,0.7828899533054244
1780-1859,literal_raw_birth_rule,ph_fixed,log,binary_log,False,True,-0.6241415327881484,-0.2641471181794968,0.2641471181794969,0.7678605650981596,0.5357211301963191,0.5357211301963192,0.9999999999999999,1.0,0.7076939444672621
1780-1859,literal_raw_birth_rule,ph_fixed,level,binary_log,False,True,-0.6789302820834273,-0.28292061314378697,0.2829206131437869,0.7535796098012763,0.5071592196025525,0.5071592196025526,0.9999999999999999,1.0,0.6525592439150738
1780-1859,literal_raw_birth_rule,ph_free,log,binary_log,False,True,-0.6984057900178583,-0.2306410864424514,0.1142317145574695,0.7940244010212202,0.5880488020424404,0.7536946666787575,0.7802215247637949,0.6599192198135773,0.772824270630351
1780-1859,literal_raw_birth_rule,ph_free,level,binary_log,False,True,-0.8036353110639448,-0.18929829137145268,0.18929829137145276,0.8275396219460074,0.6550792438920147,0.6550792438920148,0.9999999999999999,0.6834264452627234,0.7826641558810078
1780-1859,literal_raw_birth_rule,genetic,log,binary_log,False,True,-0.6094137055240806,-0.24964069368144412,0.0,0.7790806613916721,0.5581613227833441,0.5436695260918207,0.3034553018404045,1.0,0.7636063848511541
1780-1859,literal_raw_birth_rule,genetic,level,binary_log,False,True,-0.6170068709045101,-0.23662986379124643,0.0,0.7892833763145889,0.5785667526291778,0.539556986822724,0.3121697337244075,1.0,0.7243715718513032
1780-1859,literal_raw_birth_rule,unrestricted,log,inverse_se_corr,False,True,-0.8439716709629173,-0.23729831322067532,0.23310506213230878,0.7887559565883799,0.5775119131767599,0.4299993117131439,0.9916310566265598,1.0,0.8128969582785878
1780-1859,literal_raw_birth_rule,unrestricted,level,inverse_se_corr,False,True,-0.9625407678019066,-0.19038340745005114,0.316174966931979,0.8266421324247758,0.6532842648495516,0.3819212788955235,1.2680915251186993,1.0,0.789712517063581
1780-1859,literal_raw_birth_rule,ph_fixed,log,inverse_se_corr,False,True,-0.6518252418486269,-0.27371750841231807,0.273717508412318,0.7605468930166639,0.5210937860333277,0.5210937860333278,0.9999999999999999,1.0,0.7900736196290992
1780-1859,literal_raw_birth_rule,ph_fixed,level,inverse_se_corr,False,True,-0.7147145204079801,-0.29481962690013697,0.2948196269001369,0.7446658930484795,0.48933178609695904,0.4893317860969591,0.9999999999999999,1.0,0.7105381806483708
1780-1859,literal_raw_birth_rule,ph_free,log,inverse_se_corr,False,True,-0.8439716625096011,-0.2372983146060517,0.23310504753382513,0.788755955495656,0.5775119109913122,0.5823858840157754,0.9916310247926078,0.7383408958731156,0.8128969582785878
1780-1859,literal_raw_birth_rule,ph_free,level,inverse_se_corr,False,True,-0.8691283964566309,-0.21003212809219693,0.21003212809219693,0.810558203863143,0.6211164077262861,0.6211164077262862,0.9999999999999999,0.6751019017850796,0.78159493451796
1780-1859,literal_raw_birth_rule,genetic,log,inverse_se_corr,False,True,-0.7253658390964202,-0.2547830053577815,0.0,0.7750846689347455,0.5501693378694908,0.4841474164993048,0.26636306356664713,1.0,0.8021922293913417
1780-1859,literal_raw_birth_rule,genetic,level,inverse_se_corr,False,True,-0.7589239538465826,-0.22327027982116396,0.0,0.7998986236182111,0.5997972472364221,0.4681699285166228,0.2808070343631429,1.0,0.7217173580218781
1780-1859,literal_raw_birth_rule,unrestricted,log,inverse_se_log,False,True,-0.7730799520221537,-0.22678446316390527,0.17290629115113754,0.7970925665864295,0.5941851331728589,0.46158920411747756,0.8950950745591593,1.0,0.7839772879772391
1780-1859,literal_raw_birth_rule,unrestricted,level,inverse_se_log,False,True,-0.897116726838898,-0.1775812411782142,0.2597474788383821,0.8372929739048477,0.6745859478096954,0.4077436027145075,1.1712725369253714,1.0,0.7711658539144302
1780-1859,literal_raw_birth_rule,ph_fixed,log,inverse_se_log,False,True,-0.6371655843785656,-0.2686711898492091,0.2686711898492091,0.7643945550199425,0.5287891100398848,0.5287891100398849,0.9999999999999999,1.0,0.7357953723420634
1780-1859,literal_raw_birth_rule,ph_fixed,level,inverse_se_log,False,True,-0.7044538079975903,-0.29143676173459443,0.2914367617345944,0.7471892630618935,0.49437852612378685,0.4943785261237869,0.9999999999999999,1.0,0.6707024960329331
1780-1859,literal_raw_birth_rule,ph_free,log,inverse_se_log,False,True,-0.7730799522456794,-0.22678446309098305,0.1729062913937431,0.7970925666445552,0.5941851332891104,0.6638234862199575,0.8950950751571142,0.6953493113700308,0.7839772879772393
1780-1859,literal_raw_birth_rule,ph_free,level,inverse_se_log,False,True,-0.8242913054697053,-0.19709903554620214,0.19709903554620217,0.8211093102767538,0.6422186205535076,0.6422186205535078,0.9999999999999999,0.6828604205004786,0.7662912950291347
1780-1859,literal_raw_birth_rule,genetic,log,inverse_se_log,False,True,-0.649112027428756,-0.24883357798621739,0.0,0.7797097234501098,0.5594194469002197,0.522509544967964,0.2923020006460639,1.0,0.7695809286193391
1780-1859,literal_raw_birth_rule,genetic,level,inverse_se_log,False,True,-0.6647136889991849,-0.22691765494532312,0.0,0.7969864074774482,0.5939728149548965,0.5144207909555805,0.3055519652752105,1.0,0.6916941057290535
1780-1859,literal_raw_birth_rule,unrestricted,log,N_rho2,False,True,-0.7210671539708625,-0.22035267198299238,0.1253031648011292,0.8022358219683978,0.6044716439367956,0.48623309341965015,0.8186558301827671,1.0,0.7609434397159014
1780-1859,literal_raw_birth_rule,unrestricted,level,N_rho2,False,True,-0.7944162306214269,-0.19242372146922765,0.18851418725457855,0.8249572423300878,0.6499144846601757,0.45184493118089003,0.9921961961295598,1.0,0.7785369108655047
1780-1859,literal_raw_birth_rule,ph_fixed,log,N_rho2,False,True,-0.6306049175629382,-0.26639706449202555,0.26639706449202555,0.7661348621486708,0.5322697242973415,0.5322697242973417,0.9999999999999999,1.0,0.662380589150469
1780-1859,literal_raw_birth_rule,ph_fixed,level,N_rho2,False,True,-0.6912429880858189,-0.28704693865865216,0.2870469386586521,0.7504765016499786,0.5009530032999572,0.5009530032999573,0.9999999999999999,1.0,0.6505809694651075
1780-1859,literal_raw_birth_rule,ph_free,log,N_rho2,False,True,-0.7210671559854356,-0.22035267150792595,0.12530316623266965,0.8022358223495132,0.6044716446990265,0.738370900020102,0.818655833650229,0.6585214726458756,0.7609434397159015
1780-1859,literal_raw_birth_rule,ph_free,level,N_rho2,False,True,-0.7944162181787965,-0.192423725753621,0.18851417876727847,0.8249572387956465,0.649914477591293,0.6550261901757282,0.992196170685841,0.689812016038336,0.7785369108655052
1780-1859,literal_raw_birth_rule,genetic,log,N_rho2,False,True,-0.6101942195837149,-0.24544519783198412,0.0,0.7823561574333032,0.5647123148666064,0.5432453499421697,0.30677733910636235,1.0,0.7462112764852927
1780-1859,literal_raw_birth_rule,genetic,level,N_rho2,False,True,-0.5874917360316092,-0.24842022480701778,0.0,0.780032085563263,0.560064171126526,0.5557194290923917,0.3112385414335366,1.0,0.720872778326799
1860-1919,published,unrestricted,log,equal,False,True,-0.5514202867629322,-0.33663064644446056,-0.13053467561289328,0.7141725733735185,0.42834514674703694,0.5761309578422875,0.2535529237447871,1.0,0.8590667689811156
1860-1919,published,unrestricted,level,equal,False,True,-0.9115405657208128,-0.2351055536922496,0.10055665126770398,0.7904874063605223,0.5809748127210446,0.40190458643106897,0.7482202634531994,1.0,0.9274079159690449
1860-1919,published,ph_fixed,log,equal,False,True,-0.626638932188739,-0.32896862278819067,0.2358248625495653,0.7196655974926975,0.4393311949853951,0.5343848898243465,0.8221250326329478,1.0,0.8393091168650133
1860-1919,published,ph_fixed,level,equal,False,True,-0.8225601526681388,-0.32898645804126303,0.328986458041263,0.7196527621890996,0.4393055243781991,0.43930552437819914,0.9999999999999999,1.0,0.7888005533950176
1860-1919,published,ph_free,log,equal,False,True,-0.6156563128641624,-0.3273488352618213,0.0,0.7208322474581248,0.4416644949162495,0.9999999999999999,0.44166449491624954,0.5402861821489706,0.8569872749289408
1860-1919,published,ph_free,level,equal,False,True,-0.9115405635027514,-0.23510555405326863,0.10055664744540113,0.7904874060751413,0.5809748121502827,0.7764756532355991,0.7482202561398312,0.5176010163973186,0.9274079159690449
1860-1919,published,genetic,log,equal,False,True,-0.6156563139394581,-0.32734883523752856,0.0,0.7208322474756358,0.44166449495127164,0.5402861815680031,0.23862522351138316,1.0,0.8569872749289408
1860-1919,published,genetic,level,equal,False,True,-0.8491620511247593,-0.24603535992995293,0.0,0.7818945766991978,0.5637891533983955,0.42777323390861094,0.2411739093918296,1.0,0.9195497259988266
1860-1919,published,unrestricted,log,N,False,True,-0.45488099152378586,-0.34527198307923374,-0.21437647652733988,0.7080277557081409,0.41605551141628183,0.634523477127158,0.14281980441435693,1.0,0.8344866746355785
1860-1919,published,unrestricted,level,N,False,True,-0.9383503364862807,-0.22528148769121983,0.11261189603632293,0.7982914779049329,0.5965829558098659,0.39127277166364055,0.7868916266108108,1.0,0.9019101624227108
1860-1919,published,ph_fixed,log,N,False,True,-0.5137001316732313,-0.3378571083564717,0.18297796318567713,0.713297204826492,0.4265944096529839,0.598277771720927,0.7130373712964442,1.0,0.8213431315637618
1860-1919,published,ph_fixed,level,N,False,True,-0.7614407514882845,-0.3099323705314864,0.3099323705314864,0.7334965605294591,0.46699312105891816,0.4669931210589182,0.9999999999999999,1.0,0.7514169287335051
1860-1919,published,ph_free,log,N,False,True,-0.5260061207408571,-0.3348053060486843,0.0,0.7154773719097063,0.4309547438194125,0.9999999999999999,0.43095474381941257,0.5909604875544918,0.8310238261696664
1860-1919,published,ph_free,level,N,False,True,-0.9383503181942292,-0.2252814929210168,0.11261188045362192,0.7982914737300306,0.5965829474600612,0.7581513838506394,0.7868915894211331,0.5160879306630739,0.9019101624227107
1860-1919,published,genetic,log,N,False,True,-0.526006118147324,-0.3348053065850406,0.0,0.7154773715259555,0.430954743051911,0.5909604890871673,0.2546772257283918,1.0,0.8310238261696664
1860-1919,published,genetic,level,N,False,True,-0.8818241185702421,-0.23554542999945974,0.0,0.7901397661442691,0.5802795322885382,0.4140269881264667,0.24025138702485827,1.0,0.8947745514175256
1860-1919,published,unrestricted,log,normal_corr,False,True,-0.48677865136037546,-0.3396500692901245,-0.1880310852904447,0.7120194366406785,0.4240388732813569,0.6146030594405517,0.1799428746349292,1.0,0.8374202884020235
1860-1919,published,unrestricted,log,normal_corr,True,True,-0.5183766513612013,-0.335688914664405,-0.16277372594059475,0.7148454491668389,0.4296908983336778,0.595486445874888,0.21492766489568016,1.0,0.8400208470011086
1860-1919,published,unrestricted,level,normal_corr,False,True,-0.9377372450571085,-0.2250399041816777,0.11883123985876543,0.7984843552588587,0.5969687105177175,0.3915127311974664,0.7984739796403899,1.0,0.9089417644784129
1860-1919,published,unrestricted,level,normal_corr,True,True,-0.9382929952300673,-0.2256972932034356,0.11730658987396857,0.797959612908494,0.5959192258169881,0.39129520837915843,0.79455391768397,1.0,0.9091060293920267
1860-1919,published,ph_fixed,log,normal_corr,False,True,-0.5476960061613338,-0.33210579389258105,0.1996729855337253,0.7174114210927232,0.4348228421854464,0.5782806317021761,0.7519235788781997,1.0,0.8229662391383252
1860-1919,published,ph_fixed,log,normal_corr,True,False,-0.5781192353117143,-0.328676333653935,0.21435249233061632,0.7198759786717108,0.4397519573434216,0.5609523945208477,0.783938105334317,1.0,0.8290273891744098
1860-1919,published,ph_fixed,level,normal_corr,False,True,-0.7710266814644684,-0.3129739352561329,0.3129739352561328,0.7312689726589531,0.46253794531790615,0.4625379453179062,0.9999999999999999,1.0,0.7566645566700035
1860-1919,published,ph_fixed,level,normal_corr,True,True,-0.7811361903168267,-0.3161601024548659,0.3161601024548659,0.7289427353033262,0.45788547060665236,0.4578854706066524,0.9999999999999999,1.0,0.7637637281768209
1860-1919,published,ph_free,log,normal_corr,False,True,-0.554817896610101,-0.32956269321411097,0.0,0.7192381924116041,0.4384763848232082,0.9999999999999999,0.4384763848232083,0.574176811220415,0.834396008877645
1860-1919,published,ph_free,log,normal_corr,True,False,-0.5728459992027296,-0.32763266893179516,0.0,0.7206276800288287,0.4412553600576574,0.9999999999999999,0.4412553600576575,0.5639182418771317,0.8386957221148084
1860-1919,published,ph_free,level,normal_corr,False,True,-0.9377372573649095,-0.22503990039913427,0.1188312487655435,0.7984843582791605,0.5969687165583211,0.7476370109957053,0.7984740024618047,0.5236668605495971,0.908941764478413
1860-1919,published,ph_free,level,normal_corr,True,False,-0.9382930051868785,-0.22569728966272656,0.11730659266169136,0.7979596157338369,0.5959192314676737,0.7500047632854407,0.7945539290406821,0.5217236258194067,0.9091060293334673
1860-1919,published,genetic,log,normal_corr,False,True,-0.5548179002804021,-0.3295626926231389,0.0,0.7192381928366538,0.43847638567330766,0.574176809113013,0.2517629719973067,1.0,0.834396008877645
1860-1919,published,genetic,log,normal_corr,True,False,-0.5728459996835876,-0.327632668827363,0.0,0.7206276801040854,0.44125536020817074,0.5639182416059669,0.2488319468277992,1.0,0.8386957221611429
1860-1919,published,genetic,level,normal_corr,False,True,-0.8740421571513135,-0.23678456578146218,0.0,0.7891612820497852,0.5783225640995704,0.41726149927173994,0.24131174015886367,1.0,0.9004071672871021
1860-1919,published,genetic,level,normal_corr,True,False,-0.8782074147310416,-0.23672456685241855,0.0,0.7892086323020189,0.5784172646040376,0.41552711224107536,0.24034805563129774,1.0,0.9004075833590249
1860-1919,published,unrestricted,log,normal_log,False,True,-1.004396050217265,-0.1885043758988692,0.14938411845036273,0.8281968793249249,0.6563937586498498,0.3662657741534857,0.9232701168281117,1.0,0.8756223276849853
1860-1919,published,unrestricted,log,normal_log,True,True,-0.909642128406278,-0.2418521291476804,0.1085000876834995,0.7851722730612822,0.5703445461225645,0.40266830179833457,0.7503138926782644,1.0,0.8667591839323341
1860-1919,published,unrestricted,level,normal_log,False,True,-0.9555218200630169,-0.20970583159111073,0.14537972030969687,0.8108227293235094,0.6216454586470188,0.3846113942377846,0.8753983107813654,1.0,0.9146932796051284
1860-1919,published,unrestricted,level,normal_log,True,False,-0.8944715655038923,-0.2554359629074236,0.13126822114401374,0.7745787367426504,0.5491574734853009,0.4088235780518017,0.7664633472354943,1.0,0.9304528592211546
1860-1919,published,ph_fixed,log,normal_log,False,True,-0.6991891400963637,-0.289692005549359,0.28969200554935887,0.7484940640989988,0.4969881281979975,0.4969881281979976,0.9999999999999998,1.0,0.529540207542786
1860-1919,published,ph_fixed,log,normal_log,True,True,-0.8068313388747548,-0.324159417032971,0.32415941703297096,0.7231349531618834,0.4462699063237668,0.44626990632376684,0.9999999999999999,1.0,0.6284170273882832
1860-1919,published,ph_fixed,level,normal_log,False,True,-0.8035396389839173,-0.35994589910556224,0.2997510333384181,0.6977140720053348,0.39542814401066945,0.44774131331221545,0.8831620675908739,1.0,0.6552937548586313
1860-1919,published,ph_fixed,level,normal_log,True,False,-0.6829583757392932,-0.4473021560984785,0.19353981486011565,0.639350695374369,0.2787013907487379,0.5051204437143538,0.5517523478149775,1.0,0.8575393148344581
1860-1919,published,ph_free,log,normal_log,False,True,-1.0043960483554821,-0.18850437629030303,0.1493841164154624,0.8281968790007407,0.6563937580014814,0.7109444455693391,0.9232701121616156,0.5151819908264138,0.8756223276849852
1860-1919,published,ph_free,log,normal_log,True,False,-0.9096421299257627,-0.2418521289222469,0.10850009066048326,0.7851722732382864,0.570344546476573,0.7601412525895564,0.7503138982835003,0.5297282574978335,0.8667591839921087
1860-1919,published,ph_free,level,normal_log,False,True,-0.955521827804201,-0.20970582824633582,0.1453797254973169,0.8108227320355289,0.6216454640710578,0.7101286866237666,0.8753983267830044,0.5416080190888106,0.9146932796051284
1860-1919,published,ph_free,level,normal_log,True,False,-0.8944715865421516,-0.2554359506480268,0.13126822602031613,0.7745787462385185,0.549157492477037,0.7164823637948675,0.7664633775050792,0.5705982311769974,0.930452858493597
1860-1919,published,genetic,log,normal_log,False,True,-0.9079734369339059,-0.2076929379716373,0.0,0.8124564729463204,0.6249129458926408,0.4033407918929356,0.25205288246048496,1.0,0.8534396414852243
1860-1919,published,genetic,log,normal_log,True,True,-0.8578239456718397,-0.2509464545159579,0.0,0.7780640322587993,0.5561280645175984,0.42408390860677914,0.2358449632865462,1.0,0.8537880159150332
1860-1919,published,genetic,level,normal_log,False,True,-0.8449766037647705,-0.2357792535389236,0.0,0.7899550344656272,0.5799100689312545,0.4295674083533037,0.2491104653887847,1.0,0.8744626356399665
1860-1919,published,genetic,level,normal_log,True,True,-0.8037063736125066,-0.27971261794441693,0.0,0.7560009713534135,0.5120019427068269,0.4476666655539923,0.22920620244873138,1.0,0.8896239489133715
1860-1919,published,unrestricted,log,student_corr,False,True,-0.4708920658130408,-0.34245995936257484,-0.20120182997347696,0.7100215485317756,0.42004309706355114,0.6244449737347569,0.16123650644395404,1.0,0.8358823160478062
1860-1919,published,unrestricted,level,student_corr,False,True,-0.9381237408611558,-0.22513822449072107,0.11581306345095559,0.7984058518895845,0.5968117037791689,0.391361442407752,0.792877766207349,1.0,0.9054381673100378
1860-1919,published,ph_fixed,log,student_corr,False,True,-0.5307470454018742,-0.3349769562366699,0.1912754671458547,0.7153545706240519,0.43070914124810383,0.5881654192447437,0.7322925271621245,1.0,0.8221050141462843
1860-1919,published,ph_fixed,level,student_corr,False,True,-0.766119697737483,-0.31141946211546584,0.31141946211546584,0.7324065946078586,0.4648131892157173,0.46481318921571735,0.9999999999999999,1.0,0.7539254078725679
1860-1919,published,ph_free,log,student_corr,False,True,-0.5406154904926667,-0.3321616109577187,0.0,0.7173713784102445,0.4347427568204889,0.9999999999999999,0.43474275682048896,0.5823896867232295,0.8326323084815239
1860-1919,published,ph_free,level,student_corr,False,True,-0.9381237646238081,-0.225138217296142,0.11581308003876847,0.7984058576337785,0.596811715267557,0.7527158770353114,0.7928778088462712,0.519932480565448,0.9054381673100381
1860-1919,published,genetic,log,student_corr,False,True,-0.5406154911830121,-0.33216161104122477,0.0,0.7173713783503396,0.43474275670067913,0.5823896863211794,0.2531896977053133,1.0,0.8326323084815239
1860-1919,published,genetic,level,student_corr,False,True,-0.8780346628563505,-0.23613231566020668,0.0,0.7896761804947244,0.5793523609894489,0.41559890152938855,0.24077820482567272,1.0,0.8976133003854723
1860-1919,published,unrestricted,log,student_log,False,True,-1.007650105179472,-0.18790325528745225,0.14801699925021583,0.8286948752021958,0.6573897504043915,0.3650758622629464,0.921797458731894,1.0,0.8720220754427042
1860-1919,published,unrestricted,level,student_log,False,True,-0.9603157589888267,-0.20794062003364966,0.1453365701091746,0.8122552669703899,0.6245105339407797,0.38277200319052485,0.8786306440805749,1.0,0.9119685296861249
1860-1919,published,ph_fixed,log,student_log,False,True,-0.6954508567048986,-0.28844937499291895,0.28844937499291895,0.7494247438201345,0.4988494876402688,0.4988494876402689,0.9999999999999999,1.0,0.5305467817806975
1860-1919,published,ph_fixed,level,student_log,False,True,-0.8099853514854847,-0.3535949797135658,0.3069527942292117,0.7021592985317737,0.40431859706354756,0.4448645827805103,0.9088576899883992,1.0,0.6448691351112901
1860-1919,published,ph_free,log,student_log,False,True,-1.0076501077094469,-0.18790325476691092,0.14801700313835672,0.8286948756335657,0.6573897512671315,0.713160726358666,0.9217974672044883,0.5119124593460971,0.8720220754427043
1860-1919,published,ph_free,level,student_log,False,True,-0.9603157632369264,-0.20794061841830486,0.1453365730198629,0.8122552682824622,0.6245105365649243,0.7107770878795999,0.8786306525833194,0.5385260837632823,0.911968529686125
1860-1919,published,genetic,log,student_log,False,True,-0.9143990289571071,-0.20639691220233933,0.0,0.8135101201011412,0.6270202402022825,0.40075739732632026,0.2512829995343909,1.0,0.8509891098390581
1860-1919,published,genetic,level,student_log,False,True,-0.8519960160130772,-0.23331182939047315,0.0,0.7919065952678617,0.5838131905357234,0.42656265576174845,0.24903290502365785,1.0,0.8728530914155687
1860-1919,published,unrestricted,log,inverse_se_corr,False,True,-0.5192242379230226,-0.3379776686122076,-0.15936752856476055,0.7132112147166614,0.42642242943332276,0.5949819334048162,0.2162860366407937,1.0,0.8480338074914433
1860-1919,published,unrestricted,level,inverse_se_corr,False,True,-0.925448321267805,-0.22954830220029238,0.10971429778437368,0.7948925726502879,0.5897851453005758,0.39635368545032756,0.7741353476261998,1.0,0.9190706472682757
1860-1919,published,ph_fixed,log,inverse_se_corr,False,True,-0.5880763042910384,-0.33010081091297433,0.21810319159301664,0.7188512617270307,0.4377025234540615,0.5553946680847328,0.7880927718724232,1.0,0.8309346892730894
1860-1919,published,ph_fixed,level,inverse_se_corr,False,True,-0.7969795135450902,-0.3211091105733906,0.32110911057339053,0.7253441039612422,0.4506882079224843,0.4506882079224844,0.9999999999999999,1.0,0.7722556468254704
1860-1919,published,ph_free,log,inverse_se_corr,False,True,-0.5875405757460305,-0.327967484274568,0.0,0.7203864432122755,0.440772886424551,0.9999999999999999,0.44077288642455104,0.5556922885769495,0.8454121835785229
1860-1919,published,ph_free,level,inverse_se_corr,False,True,-0.9254483212218323,-0.22954830230786727,0.10971429757602424,0.7948925725647774,0.5897851451295548,0.7618630868169041,0.774135347065707,0.5202426686985602,0.9190706472682757
1860-1919,published,genetic,log,inverse_se_corr,False,True,-0.5875405754423584,-0.3279674843451414,0.0,0.7203864431614354,0.4407728863228708,0.5556922887456976,0.2449340940178033,1.0,0.845412183578523
1860-1919,published,genetic,level,inverse_se_corr,False,True,-0.8613040469874998,-0.2411869922242699,0.0,0.7856946938527523,0.5713893877055045,0.4226106187244457,0.24147522267080546,1.0,0.9108129275492154
1860-1919,published,unrestricted,log,inverse_se_log,False,True,-0.8990471422561778,-0.2283386662756605,0.07587334595683869,0.7958546850479336,0.5917093700958671,0.4069572474179205,0.7171773380428035,1.0,0.8367466837308516
1860-1919,published,unrestricted,level,inverse_se_log,False,True,-0.9532811267006736,-0.21210263768737248,0.1297391447420129,0.8088816715616471,0.6177633431232943,0.38547415666798707,0.8418742873874743,1.0,0.9141740896538163
1860-1919,published,ph_fixed,log,inverse_se_log,False,True,-0.6953176650683801,-0.2884050439694529,0.2884050439694528,0.7494579673224493,0.4989159346448985,0.49891593464489853,0.9999999999999999,1.0,0.6951784571145911
1860-1919,published,ph_fixed,level,inverse_se_log,False,True,-0.8237875587242814,-0.33996258510495475,0.322521147124749,0.7117969540727329,0.4235939081454658,0.4387666488942491,0.9654195668995795,1.0,0.6743097273020129
1860-1919,published,ph_free,log,inverse_se_log,False,True,-0.8990471401138089,-0.2283386666943936,0.07587334345509546,0.7958546847146828,0.5917093694293655,0.8250530826612258,0.7171773330278274,0.4932497760957683,0.8367466837308517
1860-1919,published,ph_free,level,inverse_se_log,False,True,-0.953281123080678,-0.2121026391185924,0.12973914197331596,0.8088816704039595,0.6177633408079191,0.7337952420442864,0.8418742796517554,0.5253156956830438,0.9141740896538162
1860-1919,published,genetic,log,inverse_se_log,False,True,-0.854894160995388,-0.23621279492803782,0.0,0.7896126304911577,0.5792252609823154,0.42532820501396934,0.24636084055235616,1.0,0.8338449752296855
1860-1919,published,genetic,level,inverse_se_log,False,True,-0.863084714250819,-0.23110044617772757,0.0,0.7936597419438252,0.5873194838876503,0.42185875943482865,0.247765868864748,1.0,0.8895729910650987
1860-1919,published,unrestricted,log,N_rho2,False,True,-1.0108654882185857,-0.18732192935058697,0.14647457549205867,0.8291767570785441,0.6583535141570882,0.36390388870910223,0.9199513106878823,1.0,0.8682343344005814
1860-1919,published,unrestricted,level,N_rho2,False,True,-0.9652748870865799,-0.20615923799150337,0.14523624499646529,0.8137034934559628,0.6274069869119256,0.38087848677030584,0.8817913850911061,1.0,0.9091142346437837
1860-1919,published,ph_fixed,log,N_rho2,False,True,-0.6919409215779885,-0.28727982442938504,0.287279824429385,0.7503017467012352,0.5006034934024703,0.5006034934024705,0.9999999999999999,1.0,0.5309545692345629
1860-1919,published,ph_fixed,level,N_rho2,False,True,-0.8163367403078404,-0.3472800684679671,0.31412317795409656,0.7066074020900464,0.4132148041800926,0.4420480288249736,0.9347735477488186,1.0,0.634132404502931
1860-1919,published,ph_free,log,N_rho2,False,True,-1.0108654892923572,-0.18732192917688206,0.14647457743737693,0.8291767572225762,0.6583535144451524,0.7156395168798158,0.9199513147563037,0.5085016684167631,0.8682343344005814
1860-1919,published,ph_free,level,N_rho2,False,True,-0.9652748918128603,-0.20615923642100853,0.14523624745324648,0.8137034947338799,0.62740698946776,0.71151407768713,0.8817913926695995,0.5353070261213424,0.9091142346437839
1860-1919,published,genetic,log,N_rho2,False,True,-0.9208445823792341,-0.20511372294108166,0.0,0.8145546775903274,0.6291093551806548,0.398182601020299,0.2505003993720363,1.0,0.8483239905710906
1860-1919,published,genetic,level,N_rho2,False,True,-0.8592246149314837,-0.2308266088575703,0.0,0.7938771053604252,0.5877542107208503,0.4234903231180025,0.24890822061213944,1.0,0.8710597155347896
1860-1919,literal_raw_flags,unrestricted,log,equal,False,True,-0.8070465974036787,-0.29751474583787874,0.06573357822653247,0.742661631972016,0.4853232639440319,0.4461738532587202,0.5862393291769092,1.0,0.8002772489855625
1860-1919,literal_raw_flags,unrestricted,level,equal,False,True,-1.2677573313160209,-0.1681184801767192,0.3588725151812214,0.8452536829460501,0.6905073658921002,0.2814621408203987,1.4203235160805514,1.0,0.8554872487788262
1860-1919,literal_raw_flags,ph_fixed,log,equal,False,True,-0.7615143594119674,-0.3099558018149355,0.3099558018149354,0.7334793739649929,0.46695874792998565,0.4669587479299857,0.9999999999999999,1.0,0.7830064217886539
1860-1919,literal_raw_flags,ph_fixed,level,equal,False,True,-0.8971134376660228,-0.35115808706295304,0.3511580870629531,0.7038724719279555,0.40774494385591115,0.4077449438559112,0.9999999999999999,1.0,0.615629396231561
1860-1919,literal_raw_flags,ph_free,log,equal,False,True,-0.8070465962981359,-0.29751474602962286,0.06573357482824697,0.742661631829615,0.48532326365923,0.8278585966843857,0.5862393234822632,0.5389493514217678,0.8002772489855626
1860-1919,literal_raw_flags,ph_free,level,equal,False,True,-1.1317047091304007,-0.19552780344406104,0.19552780344406098,0.8224004776806317,0.6448009553612635,0.6448009553612636,0.9999999999999999,0.5001280551856733,0.8333566340477698
1860-1919,literal_raw_flags,genetic,log,equal,False,True,-0.7746991487562438,-0.3021888037696428,0.0,0.7391984882525525,0.4783969765051051,0.460842405156062,0.22046561327200073,1.0,0.7996998208673438
1860-1919,literal_raw_flags,genetic,level,equal,False,True,-1.048933026786398,-0.20174081769253696,0.0,0.8173067319378156,0.634613463875631,0.3503113225768851,0.22231228185537058,1.0,0.7551337140534756
1860-1919,literal_raw_flags,unrestricted,log,N,False,True,-0.7776801511088876,-0.29606831337715284,0.033726732585343366,0.7437366191245711,0.48747323824914224,0.45947067843818673,0.5384964368199356,1.0,0.7697328339540601
1860-1919,literal_raw_flags,unrestricted,level,N,False,True,-1.273067175529107,-0.16415118989367877,0.35734436596884633,0.8486137103641046,0.6972274207282092,0.2799715815217167,1.4262342321776766,1.0,0.8138411324258139
1860-1919,literal_raw_flags,ph_fixed,log,N,False,True,-0.742601360259134,-0.30389656418491895,0.30389656418491895,0.7379371916380398,0.4758743832760796,0.47587438327607967,0.9999999999999999,1.0,0.7601223214579788
1860-1919,literal_raw_flags,ph_fixed,level,N,False,True,-0.8445147214843789,-0.3356364813331669,0.335636481333167,0.7148829318777222,0.4297658637554445,0.42976586375544457,0.9999999999999999,1.0,0.46526303059542407
1860-1919,literal_raw_flags,ph_free,log,N,False,True,-0.7776801462083507,-0.29606831402571354,0.033726713044767355,0.7437366186422127,0.48747323728442554,0.9052488225939461,0.5384964057590209,0.507562859207316,0.7697328339540601
1860-1919,literal_raw_flags,ph_free,level,N,False,True,-1.1785573354571581,-0.18218376015766405,0.18218376015766408,0.8334481717755693,0.6668963435511386,0.6668963435511387,0.9999999999999999,0.4614245701573691,0.7932939769425948
1860-1919,literal_raw_flags,genetic,log,N,False,True,-0.7682100801599785,-0.29745364111792755,0.0,0.7427070134895545,0.48541402697910896,0.4638425667347672,0.22515568820304943,1.0,0.7696387386146593
1860-1919,literal_raw_flags,genetic,level,N,False,True,-1.1400916120339148,-0.1846134546758437,0.0,0.83142560542561,0.66285121085122,0.31978972388727256,0.21197300569645594,1.0,0.7366265553902493
1860-1919,literal_raw_flags,unrestricted,log,normal_corr,False,True,-0.7938114888780642,-0.29250813689870786,0.049370172900031636,0.7463891717180858,0.49277834343617166,0.4521182633116465,0.5683266400021258,1.0,0.7723653665697929
1860-1919,literal_raw_flags,unrestricted,log,normal_corr,True,True,-0.8377427192345227,-0.28668373741176056,0.08325257174137864,0.7507491251567425,0.501498250313485,0.43268611596876166,0.6318527322683032,1.0,0.769258270786187
1860-1919,literal_raw_flags,unrestricted,level,normal_corr,False,True,-1.2740852048307187,-0.16301841310807041,0.3664641265117303,0.8495755449442453,0.6991510898884905,0.279686707277876,1.4512372423436997,1.0,0.825111713400954
1860-1919,literal_raw_flags,unrestricted,level,normal_corr,True,False,-1.2805137406555414,-0.16271069494785614,0.3667788566368032,0.8498370149953768,0.6996740299907536,0.27789449807302935,1.452763485716536,1.0,0.8227786681068953
1860-1919,literal_raw_flags,ph_fixed,log,normal_corr,False,True,-0.7418259012907096,-0.30364646294487524,0.30364646294487524,0.7381217737258853,0.4762435474517706,0.47624354745177067,0.9999999999999999,1.0,0.7608495855496153
1860-1919,literal_raw_flags,ph_fixed,log,normal_corr,True,True,-0.7467556194794788,-0.30523416084006416,0.3052341608400641,0.7369507891701881,0.4739015783403762,0.4739015783403763,0.9999999999999999,1.0,0.7600746445354094
1860-1919,literal_raw_flags,ph_fixed,level,normal_corr,False,True,-0.8518845215435409,-0.3378460273866435,0.3378460273866435,0.7133051088950895,0.4266102177901788,0.4266102177901789,0.9999999999999999,1.0,0.4915491762067883
1860-1919,literal_raw_flags,ph_fixed,level,normal_corr,True,True,-0.8674549854085527,-0.34247682664278606,0.34247682664278606,0.7100095725003623,0.42001914500072474,0.4200191450007248,0.9999999999999999,1.0,0.4988436099650003
1860-1919,literal_raw_flags,ph_free,log,normal_corr,False,True,-0.7938114892391251,-0.2925081368101498,0.04937016951350872,0.7463891717841846,0.4927783435683693,0.8670688885026654,0.5683266348298397,0.5214329208941677,0.7723653665697929
1860-1919,literal_raw_flags,ph_free,log,normal_corr,True,False,-0.8377427204387149,-0.2866837372798624,0.08325258159767039,0.750749125255765,0.5014982505115301,0.7936948152056813,0.6318527485675584,0.5451542673056222,0.7692582712480076
1860-1919,literal_raw_flags,ph_free,level,normal_corr,False,True,-1.1648194243116219,-0.1843307584225439,0.18433075842254382,0.8316606795548835,0.6633213591097671,0.6633213591097672,0.9999999999999999,0.4703285797800835,0.8013542011475794
1860-1919,literal_raw_flags,ph_free,level,normal_corr,True,True,-1.1783283401756386,-0.18241541484027307,0.182415414840273,0.8332551219651751,0.6665102439303503,0.6665102439303504,0.9999999999999999,0.46179760401677883,0.7950434491447506
1860-1919,literal_raw_flags,genetic,log,normal_corr,False,True,-0.7782071892235611,-0.29481042546153335,0.0,0.7446727450774988,0.4893454901549975,0.4592285836802611,0.22472143637420267,1.0,0.7721348939604583
1860-1919,literal_raw_flags,genetic,log,normal_corr,True,False,-0.8155857010300743,-0.2899171805612143,0.0,0.7483255409135589,0.49665108182711765,0.44238014895930183,0.2197085795594787,1.0,0.7674448887339989
1860-1919,literal_raw_flags,genetic,level,normal_corr,False,True,-1.1199491190025206,-0.18726619417367651,0.0,0.8292229726796954,0.6584459453593908,0.32629639648680336,0.21484853925211586,1.0,0.7375277667120066
1860-1919,literal_raw_flags,genetic,level,normal_corr,True,False,-1.1464548346878127,-0.18295275306827002,0.0,0.8328075024067894,0.6656150048135786,0.3177612912005286,0.21150668337200879,1.0,0.7304813245328112
1860-1919,literal_raw_flags,unrestricted,log,normal_log,False,True,-1.3423824266040996,-0.1181359304337201,0.3965070284560083,0.8885752599846234,0.7771505199692468,0.2612225830158619,1.6419526359222694,1.0,0.8135977718250429
1860-1919,literal_raw_flags,unrestricted,log,normal_log,True,True,-1.268449160815716,-0.1797718537844772,0.3739186434376727,0.8354607968887955,0.670921593777591,0.28126748435063986,1.428549025618767,1.0,0.759307169831511
1860-1919,literal_raw_flags,unrestricted,level,normal_log,False,True,-1.357943484748773,-0.11336527794995362,0.42574148502881826,0.8928244714522787,0.7856489429045574,0.2571891468699307,1.7333374935701795,1.0,0.8682957703924039
1860-1919,literal_raw_flags,unrestricted,level,normal_log,True,False,-1.3568589746053736,-0.14275954277620248,0.4304758501283679,0.8669625112323393,0.7339250224646785,0.2574682224112579,1.666757961297081,1.0,0.8518303351058041
1860-1919,literal_raw_flags,ph_fixed,log,normal_log,False,True,-0.7174707860536951,-0.295724382153452,0.29572438215345204,0.743992457362955,0.48798491472591,0.48798491472591005,0.9999999999999999,1.0,0.16710265964018423
1860-1919,literal_raw_flags,ph_fixed,log,normal_log,True,True,-0.9250070269886999,-0.35915757120700775,0.3591575712070078,0.698264316331491,0.3965286326629819,0.39652863266298194,0.9999999999999999,1.0,0.18246365591002256
1860-1919,literal_raw_flags,ph_fixed,level,normal_log,False,True,-0.9206432151209519,-0.35791657871081883,0.3579165787108188,0.6991313950162059,0.39826279003241183,0.3982627900324119,0.9999999999999999,1.0,0.4864329798501922
1860-1919,literal_raw_flags,ph_fixed,level,normal_log,True,True,-1.0233753986853904,-0.3861185845446576,0.38611858454465764,0.6796899201814393,0.3593798403628784,0.35937984036287846,0.9999999999999999,1.0,0.6822057360915825
1860-1919,literal_raw_flags,ph_free,log,normal_log,False,True,-1.144605187825123,-0.16220461341798137,0.16220461341798126,0.8502672106599282,0.7005344213198563,0.7005344213198564,0.9999999999999999,0.4544381711790987,0.7577295673653698
1860-1919,literal_raw_flags,ph_free,log,normal_log,True,False,-1.1810699398373212,-0.19535589570257897,0.19535589570257897,0.8225418668419411,0.6450837336838823,0.6450837336838824,0.9999999999999999,0.47582992506083105,0.7015092923254731
1860-1919,literal_raw_flags,ph_free,level,normal_log,False,True,-1.0882110052134197,-0.18789361938984284,0.18789361938984292,0.8287028604596351,0.6574057209192703,0.6574057209192704,0.9999999999999999,0.512344981029341,0.7807401931681206
1860-1919,literal_raw_flags,ph_free,level,normal_log,True,False,-1.1583879355163165,-0.20078912503346047,0.20078912503346055,0.8180849269973418,0.6361698539946837,0.6361698539946838,0.9999999999999999,0.49356621726834,0.6765274469382867
1860-1919,literal_raw_flags,genetic,log,normal_log,False,True,-1.051349858036584,-0.17663450955105556,0.0,0.8380860409960544,0.6761720819921089,0.3494657014985224,0.23629895096708875,1.0,0.6590611388466381
1860-1919,literal_raw_flags,genetic,log,normal_log,True,True,-1.1602964862430412,-0.1934734046866792,0.0,0.824091752882042,0.648183505764084,0.3133932503195876,0.20313633567495143,1.0,0.605559867658299
1860-1919,literal_raw_flags,genetic,level,normal_log,False,True,-0.9908202396043211,-0.19310167187289348,0.0,0.8243981517738912,0.6487963035477823,0.3712720340669579,0.2408799233133086,1.0,0.6042244581809799
1860-1919,literal_raw_flags,genetic,level,normal_log,True,False,-1.2215354600086346,-0.15098551781267283,0.0,0.8598601512248203,0.7197203024496407,0.29477720065415036,0.21215713601006353,1.0,0.5225040212164008
1860-1919,literal_raw_flags,unrestricted,log,student_corr,False,True,-0.785795855942589,-0.2942861095116071,0.04156058293796379,0.7450632912510653,0.4901265825021306,0.45575684062220045,0.5533620617485098,1.0,0.7709498054528413
1860-1919,literal_raw_flags,unrestricted,level,student_corr,False,True,-1.2736184866959095,-0.1635724863819464,0.36196923204260417,0.8491049482252246,0.6982098964504493,0.27981727260246,1.4388922156225292,1.0,0.8193745841841873
1860-1919,literal_raw_flags,ph_fixed,log,student_corr,False,True,-0.7421912130285985,-0.3037642997563957,0.30376429975639563,0.7380348009339545,0.47606960186790886,0.4760696018679089,0.9999999999999999,1.0,0.7604371179471976
1860-1919,literal_raw_flags,ph_fixed,level,student_corr,False,True,-0.8481289881271709,-0.33672150242004323,0.33672150242004334,0.7141076894752199,0.4282153789504396,0.42821537895043965,0.9999999999999999,1.0,0.4779491859410133
1860-1919,literal_raw_flags,ph_free,log,student_corr,False,True,-0.7857958570548871,-0.29428610932901494,0.04156057850093059,0.745063291387108,0.49012658277421606,0.8857249575061159,0.5533620551398223,0.5145579745189872,0.7709498054528414
1860-1919,literal_raw_flags,ph_free,level,student_corr,False,True,-1.1718663020614686,-0.18319950980578126,0.18319950980578126,0.8326020268967964,0.6652040537935929,0.665204053793593,0.9999999999999999,0.4657040816533916,0.7972072695777328
1860-1919,literal_raw_flags,genetic,log,student_corr,False,True,-0.7734159672978209,-0.29610479384122956,0.0,0.74370948776244,0.48741897552488,0.46143412914904924,0.22491175050204476,1.0,0.7707969955907836
1860-1919,literal_raw_flags,genetic,level,student_corr,False,True,-1.1303882477822798,-0.18585434850664834,0.0,0.8303945343782203,0.6607890687564406,0.3229078638201193,0.2133739866278282,1.0,0.7369788698824087
1860-1919,literal_raw_flags,unrestricted,log,student_log,False,True,-1.3430361269718802,-0.11826995467770854,0.3922896630090873,0.8884561773373363,0.7769123546746726,0.26105187751847386,1.6304814463666193,1.0,0.8054172214835584
1860-1919,literal_raw_flags,unrestricted,level,student_log,False,True,-1.3622883631206912,-0.11207810528734448,0.4241627911150644,0.8939744306436853,0.7879488612873706,0.25607411540038827,1.7325407837388185,1.0,0.8625953356806342
1860-1919,literal_raw_flags,ph_fixed,log,student_log,False,True,-0.71426025168372,-0.29467035053964685,0.2946703505396469,0.7447770623600436,0.4895541247200871,0.48955412472008714,0.9999999999999999,1.0,0.14446143490069518
1860-1919,literal_raw_flags,ph_fixed,level,student_log,False,True,-0.9169984640558638,-0.35687710202797635,0.3568771020279763,0.699858503640328,0.399717007280656,0.39971700728065607,0.9999999999999999,1.0,0.4518639583304349
1860-1919,literal_raw_flags,ph_free,log,student_log,False,True,-1.1538788553964376,-0.16021353057893323,0.1602135305789333,0.8519618496351157,0.7039236992702314,0.7039236992702315,0.9999999999999999,0.44807549507129596,0.7505031591400457
1860-1919,literal_raw_flags,ph_free,level,student_log,False,True,-1.097749166134717,-0.18437033222607266,0.1843703322260727,0.8316277682297657,0.6632555364595313,0.6632555364595314,0.9999999999999999,0.5030054733119722,0.7711398324281277
1860-1919,literal_raw_flags,genetic,log,student_log,False,True,-1.0666247518073368,-0.17356148674082666,0.0,0.8406654597934824,0.6813309195869648,0.3441682123252951,0.23449244459619506,1.0,0.6537994915124913
1860-1919,literal_raw_flags,genetic,level,student_log,False,True,-1.0105938333441593,-0.1875294448303155,0.0,0.8290047079180687,0.6580094158361373,0.36400275840290186,0.23951724241943606,1.0,0.5946610344380383
1860-1919,literal_raw_flags,unrestricted,log,binary_corr,False,True,-0.4621297613078716,-0.36749921167645355,-0.17578797036927915,0.6924638726940041,0.3849277453880082,0.6299405927230208,0.16167159559374822,1.0,0.8124776143795073
1860-1919,literal_raw_flags,unrestricted,level,binary_corr,False,True,-1.216162353209567,-0.19951865796326526,0.34496564664404744,0.8191249374673535,0.638249874934707,0.2963653328162382,1.313112844750766,1.0,0.7895144139598931
1860-1919,literal_raw_flags,ph_fixed,log,binary_corr,False,True,-0.49172738552715717,-0.36389627630054944,0.16397097996847446,0.6949632751665045,0.389926550333009,0.6115690656874291,0.6375838351057134,1.0,0.8092790575289822
1860-1919,literal_raw_flags,ph_fixed,level,binary_corr,False,True,-0.81911578789162,-0.3279339088971053,0.3279339088971053,0.720410630865078,0.4408212617301559,0.44082126173015596,0.9999999999999999,1.0,0.5728572065687552
1860-1919,literal_raw_flags,ph_free,log,binary_corr,False,True,-0.49412505380949634,-0.3633036175335319,0.0,0.6953752733193864,0.3907505466387728,0.9999999999999999,0.39075054663877284,0.6101044824302165,0.8116588491216173
1860-1919,literal_raw_flags,ph_free,level,binary_corr,False,True,-1.1640704328014817,-0.20790083132879672,0.2079008313287967,0.8122875861984384,0.624575172396877,0.6245751723968771,0.9999999999999999,0.4998801805022074,0.7833026876170487
1860-1919,literal_raw_flags,genetic,log,binary_corr,False,True,-0.4941250713613623,-0.3633036151131882,0.0,0.6953752750024336,0.390750550004867,0.6101044717217444,0.23839865788570047,1.0,0.8116588491216172
1860-1919,literal_raw_flags,genetic,level,binary_corr,False,True,-1.1283650401247858,-0.21118576159949926,0.0,0.8096236559261017,0.6192473118522035,0.3235618348193532,0.20036479642985117,1.0,0.7549562782525614
1860-1919,literal_raw_flags,unrestricted,log,binary_log,False,True,-1.3062374994569732,-0.13677194273328036,0.36568988842131706,0.8721691079559026,0.7443382159118053,0.27083716673258623,1.5144777458131906,1.0,0.7257218760398836
1860-1919,literal_raw_flags,unrestricted,level,binary_log,False,True,-1.4047778011220151,-0.10522408144404545,0.44463496513732703,0.9001227991692163,0.8002455983384327,0.24542158279518633,1.8082403135584122,1.0,0.8411869896907189
1860-1919,literal_raw_flags,ph_fixed,log,binary_log,False,True,-0.6866934548502909,-0.28552619939366675,0.28552619939366675,0.7516186489675073,0.5032372979350146,0.5032372979350147,0.9999999999999999,1.0,0.23533905482231388
1860-1919,literal_raw_flags,ph_fixed,level,binary_log,False,True,-0.8971440171918115,-0.3511669441443844,0.35116694414438443,0.703866237699763,0.407732475399526,0.40773247539952606,0.9999999999999999,1.0,0.21688655777871624
1860-1919,literal_raw_flags,ph_free,log,binary_log,False,True,-1.1811815068866585,-0.1618494285021837,0.1618494285021836,0.8505692663871954,0.7011385327743909,0.701138532774391,0.9999999999999999,0.4377393149833524,0.6990069858953376
1860-1919,literal_raw_flags,ph_free,level,binary_log,False,True,-1.1646809246592698,-0.1618869177268011,0.1618869177268011,0.8505373798026206,0.7010747596052411,0.7010747596052412,0.9999999999999999,0.445062670517444,0.7249449566586343
1860-1919,literal_raw_flags,genetic,log,binary_log,False,True,-1.1143707553019042,-0.17209876731211754,0.0,0.8418960172553177,0.6837920345106354,0.32812168278272485,0.22436699303705276,1.0,0.6417645521484745
1860-1919,literal_raw_flags,genetic,level,binary_log,False,True,-1.1280581341218143,-0.15737730155801508,0.0,0.8543816384733254,0.7087632769466509,0.3236611531287048,0.22939913951183258,1.0,0.5740504987949737
1860-1919,literal_raw_flags,unrestricted,log,inverse_se_corr,False,True,-0.8028701439722804,-0.2945169018355616,0.05921548620764443,0.744891356203992,0.4897827124079841,0.44804117425448386,0.5806651902566009,1.0,0.7855733263045239
1860-1919,literal_raw_flags,unrestricted,level,inverse_se_corr,False,True,-1.2729991868220172,-0.16485308136204171,0.36370055951370356,0.8480182846274313,0.6960365692548627,0.2799906170746602,1.4399917513657945,1.0,0.8411776680531604
1860-1919,literal_raw_flags,ph_fixed,log,inverse_se_corr,False,True,-0.751148843958397,-0.30664460428443086,0.30664460428443024,0.7359120944430604,0.4718241888861207,0.47182418888612127,0.9999999999999988,1.0,0.7712370180483876
1860-1919,literal_raw_flags,ph_fixed,level,inverse_se_corr,False,True,-0.8752852718225462,-0.3447865223471672,0.34478652234716717,0.7083715588254549,0.41674311765090977,0.4167431176509098,0.9999999999999999,1.0,0.55432470608505
1860-1919,literal_raw_flags,ph_free,log,inverse_se_corr,False,True,-0.8028701386604216,-0.294516902540593,0.059215465102089325,0.7448913556788203,0.4897827113576405,0.843485624169353,0.5806651557813665,0.5311782012593717,0.785573326304524
1860-1919,literal_raw_flags,ph_free,level,inverse_se_corr,False,True,-1.1482939076712702,-0.18956701141521434,0.1895670114152143,0.8273172753384166,0.6546345506768332,0.6546345506768333,0.9999999999999999,0.48451069639073535,0.8173448388192898
1860-1919,literal_raw_flags,genetic,log,inverse_se_corr,False,True,-0.7792030143431019,-0.2979737537149532,0.0,0.7423208226560039,0.48464164531200765,0.458771499946526,0.222339774556342,1.0,0.7851710524917953
1860-1919,literal_raw_flags,genetic,level,inverse_se_corr,False,True,-1.0864008674848713,-0.1938863337005932,0.0,0.8237515317355752,0.6475030634711504,0.33742876166925806,0.2184861568841213,1.0,0.7450775761384834
1860-1919,literal_raw_flags,unrestricted,log,inverse_se_log,False,True,-1.1969155321065794,-0.17266210018375758,0.2959264510129161,0.8414218831145072,0.6828437662290143,0.30212467003493865,1.262366821398405,1.0,0.7432117572088257
1860-1919,literal_raw_flags,unrestricted,level,inverse_se_log,False,True,-1.343473518270113,-0.12601165039658022,0.40236051030792036,0.8816045756806513,0.7632091513613026,0.26093772066628684,1.6366153770376193,1.0,0.8496712498593193
1860-1919,literal_raw_flags,ph_fixed,log,inverse_se_log,False,True,-0.7126276701077967,-0.2941334951794898,0.2941334951794898,0.7451770072647708,0.49035401452954147,0.4903540145295415,0.9999999999999999,1.0,0.46486122812343045
1860-1919,literal_raw_flags,ph_fixed,level,inverse_se_log,False,True,-0.9104677623599855,-0.35500777559203117,0.3550077755920311,0.7011679911911313,0.4023359823822625,0.40233598238226254,0.9999999999999999,1.0,0.45115849568933797
1860-1919,literal_raw_flags,ph_free,log,inverse_se_log,False,True,-1.1195646733932056,-0.1879048195959114,0.18790481959591132,0.8286935788688063,0.6573871577376128,0.6573871577376129,0.9999999999999998,0.4965443270040152,0.73670786850192
1860-1919,literal_raw_flags,ph_free,level,inverse_se_log,False,True,-1.1221466419203325,-0.18047445550478333,0.18047445550478336,0.8348740068596341,0.6697480137192682,0.6697480137192683,0.9999999999999999,0.4861233378697257,0.7801086730594515
1860-1919,literal_raw_flags,genetic,log,inverse_se_log,False,True,-1.012938937726777,-0.20563365287978916,0.0,0.814131276305774,0.6282625526115478,0.3631501340761606,0.2281536302159145,1.0,0.6956705836112704
1860-1919,literal_raw_flags,genetic,level,inverse_se_log,False,True,-1.0463519375438555,-0.18257884519976753,0.0,0.8331189539083421,0.6662379078166843,0.3512166752585396,0.23399386291458127,1.0,0.6356964642878433
1860-1919,literal_raw_flags,unrestricted,log,N_rho2,False,True,-1.3436042250161397,-0.11843005010365791,0.38784264652639056,0.8883139509523887,0.7766279019047775,0.26090361657476885,1.6183903977631142,1.0,0.7969307565616154
1860-1919,literal_raw_flags,unrestricted,level,N_rho2,False,True,-1.3665558168281082,-0.11083553781371759,0.4223081439476033,0.8950859446159992,0.7901718892319984,0.25498365935746303,1.7308687627697608,1.0,0.8565919065902392
1860-1919,literal_raw_flags,ph_fixed,log,N_rho2,False,True,-0.7112625991242282,-0.2936841558764274,0.2936841558764273,0.7455119198209255,0.4910238396418508,0.49102383964185087,0.9999999999999999,1.0,0.1210396589492051
1860-1919,literal_raw_flags,ph_fixed,level,N_rho2,False,True,-0.9133467994309046,-0.35583293565068913,0.35583293565068913,0.7005896540135759,0.4011793080271516,0.4011793080271517,0.9999999999999999,1.0,0.4145909497457886
1860-1919,literal_raw_flags,ph_free,log,N_rho2,False,True,-1.1631774526801995,-0.15824250335149795,0.15824250335149798,0.8536427456391951,0.7072854912783901,0.7072854912783902,0.9999999999999999,0.44181830118953613,0.743196019289696
1860-1919,literal_raw_flags,ph_free,level,N_rho2,False,True,-1.1078510024223478,-0.18074148213912278,0.1807414821391228,0.8346511030254397,0.6693022060508793,0.6693022060508794,0.9999999999999999,0.4934511511046519,0.7613560809433846
1860-1919,literal_raw_flags,genetic,log,N_rho2,False,True,-1.0816636750944437,-0.1705707210362536,0.0,0.8431834567121769,0.6863669134243537,0.3390310187349867,0.23269967388424706,1.0,0.6486936772636024
1860-1919,literal_raw_flags,genetic,level,N_rho2,False,True,-1.0305471064735456,-0.18203604097092965,0.0,0.8335712971554559,0.6671425943109117,0.3568116931708187,0.23804427866244898,1.0,0.5854623228584048
1860-1919,literal_raw_birth_rule,unrestricted,log,equal,False,True,-0.8063212547463993,-0.29775619272154297,0.05924181225884485,0.7424823402809404,0.4849646805618808,0.4464975995863681,0.5755947185702888,1.0,0.8002727109396329
1860-1919,literal_raw_birth_rule,unrestricted,level,equal,False,True,-1.267620749288266,-0.16812629278621177,0.3523612881764607,0.8452470793348987,0.6904941586697975,0.28150058611573664,1.4045966489313901,1.0,0.8544343054896346
1860-1919,literal_raw_birth_rule,ph_fixed,log,equal,False,True,-0.7619506396923186,-0.3100946568447633,0.3100946568447633,0.7333775337353206,0.466755067470641,0.46675506747064105,0.9999999999999999,1.0,0.7822987303060461
1860-1919,literal_raw_birth_rule,ph_fixed,level,equal,False,True,-0.8994609131622334,-0.35183745264631244,0.3518374526463125,0.7033944475904805,0.4067888951809612,0.40678889518096123,0.9999999999999999,1.0,0.6088247538158599
1860-1919,literal_raw_birth_rule,ph_free,log,equal,False,True,-0.8063212419066227,-0.2977561945589588,0.05924178573767437,0.7424823389166916,0.48496467783338315,0.8425454574779475,0.5755946738886506,0.5299388909600572,0.8002727109396328
1860-1919,literal_raw_birth_rule,ph_free,level,equal,False,True,-1.1365093296348876,-0.19449136201791262,0.19449136201791262,0.8232532894729777,0.6465065789459554,0.6465065789459555,0.9999999999999999,0.49641777173014373,0.8336661561714671
1860-1919,literal_raw_birth_rule,genetic,log,equal,False,True,-0.7771683979137924,-0.3019686468559565,0.0,0.7393612458257729,0.47872249165154585,0.45970587420188874,0.22007154152478026,1.0,0.7998029584470134
1860-1919,literal_raw_birth_rule,genetic,level,equal,False,True,-1.053156864020507,-0.20107563389959504,0.0,0.8178505719865033,0.6357011439730067,0.3488347850912765,0.22175467194010243,1.0,0.7572121681509656
1860-1919,literal_raw_birth_rule,unrestricted,log,N,False,True,-0.7758832974841258,-0.2965791115739254,0.026776184496974734,0.7433568168100753,0.4867136336201505,0.46029702217924984,0.5270599011802759,1.0,0.7703130698421478
1860-1919,literal_raw_birth_rule,unrestricted,level,N,False,True,-1.2721551163112548,-0.16450312619681803,0.35099857926145417,0.8483151049402123,0.6966302098804247,0.280227048666253,1.4100382858581688,1.0,0.8128761315896553
1860-1919,literal_raw_birth_rule,ph_fixed,log,N,False,True,-0.7430434608444794,-0.30403909178546745,0.30403909178546745,0.7378320227156753,0.4756640454313505,0.47566404543135055,0.9999999999999999,1.0,0.7604776372724797
1860-1919,literal_raw_birth_rule,ph_fixed,level,N,False,True,-0.8453158600767251,-0.33587722394495223,0.3358772239449522,0.7147108498081558,0.4294216996163117,0.42942169961631177,0.9999999999999999,1.0,0.46055828247150865
1860-1919,literal_raw_birth_rule,ph_free,log,N,False,True,-0.7758832971722953,-0.2965791116631666,0.026776183890023262,0.7433568167437372,0.4867136334874744,0.9234503201235645,0.5270599001171481,0.49845347637238707,0.7703130698421478
1860-1919,literal_raw_birth_rule,ph_free,level,N,False,True,-1.1814184629845825,-0.18179611227758902,0.18179611227758907,0.8337713188220977,0.6675426376441952,0.6675426376441953,0.9999999999999999,0.4596608018168986,0.7937929373513135
1860-1919,literal_raw_birth_rule,genetic,log,N,False,True,-0.7684005010415704,-0.297673493656071,0.0,0.7425437454156497,0.48508749083129943,0.4637542498332477,0.22496138541396168,1.0,0.7702541831738728
1860-1919,literal_raw_birth_rule,genetic,level,N,False,True,-1.1422840833548935,-0.18449400325409504,0.0,0.8315249263281497,0.6630498526562992,0.31908936213098765,0.21157215454514386,1.0,0.738732940846509
1860-1919,literal_raw_birth_rule,unrestricted,log,normal_corr,False,True,-0.7920218510273479,-0.29302428477642295,0.04225135749921212,0.7460040239363097,0.4920080478726194,0.45292811572378444,0.5563981185539588,1.0,0.7727888190497023
1860-1919,literal_raw_birth_rule,unrestricted,log,normal_corr,True,True,-0.8361637038688559,-0.2871660144813976,0.07638333468086132,0.7503871433634048,0.5007742867268097,0.4333698736842895,0.6199001325328592,1.0,0.7696775272140429
1860-1919,literal_raw_birth_rule,unrestricted,level,normal_corr,False,True,-1.2732537285005887,-0.16333772729478885,0.35987576126872783,0.8493043067274654,0.6986086134549307,0.27991935686273745,1.4343632285032464,1.0,0.8238163746408931
1860-1919,literal_raw_birth_rule,unrestricted,level,normal_corr,True,False,-1.2797406177793107,-0.1630204052774233,0.36042405791736903,0.8495738524475674,0.6991477048951349,0.2781094277394836,1.4364713710458124,1.0,0.8215801261212661
1860-1919,literal_raw_birth_rule,ph_fixed,log,normal_corr,False,True,-0.7422657488425889,-0.303788338825655,0.303788338825655,0.738017059477504,0.47603411895500786,0.4760341189550079,0.9999999999999999,1.0,0.7610312272833396
1860-1919,literal_raw_birth_rule,ph_fixed,log,normal_corr,True,True,-0.7471902077149505,-0.30537387280743683,0.30537387280743655,0.7368478355176724,0.47369567103534477,0.473695671035345,0.9999999999999996,1.0,0.7602532119262366
1860-1919,literal_raw_birth_rule,ph_fixed,level,normal_corr,False,True,-0.8527684961202479,-0.33811028721049113,0.33811028721049113,0.7131166359166781,0.426233271833356,0.4262332718333561,0.9999999999999999,1.0,0.4853703449477099
1860-1919,literal_raw_birth_rule,ph_fixed,level,normal_corr,True,True,-0.868531190232561,-0.3427950303554846,0.3427950303554846,0.7097836807600425,0.419567361520085,0.41956736152008506,0.9999999999999999,1.0,0.4931691748292426
1860-1919,literal_raw_birth_rule,ph_free,log,normal_corr,False,True,-0.7920218509087087,-0.29302428480260395,0.04225135155443691,0.7460040239167786,0.4920080478335571,0.884273400007119,0.556398109260774,0.5122037095923875,0.7727888190497023
1860-1919,literal_raw_birth_rule,ph_free,log,normal_corr,True,False,-0.836163703739808,-0.28716601442491074,0.07638333161850595,0.7503871434057918,0.5007742868115835,0.8078305915163412,0.6199001276636522,0.5364613302484084,0.7696775270594457
1860-1919,literal_raw_birth_rule,ph_free,level,normal_corr,False,True,-1.1684336223574705,-0.18375071835279924,0.1837507183527993,0.8321432160051656,0.6642864320103313,0.6642864320103314,0.9999999999999999,0.46795096071748504,0.801686620191542
1860-1919,literal_raw_birth_rule,ph_free,level,normal_corr,True,False,-1.1814419913068417,-0.18195070109437347,0.18195070109437345,0.8336424370625481,0.6672848741250964,0.6672848741250965,0.9999999999999999,0.45982754374346635,0.7956201332853509
1860-1919,literal_raw_birth_rule,genetic,log,normal_corr,False,True,-0.778758328775195,-0.2949806481211,0.0,0.7445459956904399,0.4890919913808798,0.45897555437818705,0.22448126788597078,1.0,0.7726214170573891
1860-1919,literal_raw_birth_rule,genetic,log,normal_corr,True,False,-0.8159280474176105,-0.2901185933738381,0.0,0.7481748337392926,0.49634966747858517,0.4422287276341387,0.21950008191068254,1.0,0.7680863183063227
1860-1919,literal_raw_birth_rule,genetic,level,normal_corr,False,True,-1.1230746177185127,-0.18696067340135836,0.0,0.8294763562277301,0.65895271245546,0.32527814961211654,0.21434291898939714,1.0,0.739698555878308
1860-1919,literal_raw_birth_rule,genetic,level,normal_corr,True,True,-1.1487089021127372,-0.18282021092906695,0.0,0.832917891810165,0.66583578362033,0.3170458424629006,0.2111004669598531,1.0,0.7327898238479448
1860-1919,literal_raw_birth_rule,unrestricted,log,normal_log,False,True,-1.341114122986913,-0.11850545087254226,0.38919823773165463,0.8882469739225677,0.7764939478451354,0.26155410275219204,1.6217445826486507,1.0,0.8101611263847801
1860-1919,literal_raw_birth_rule,unrestricted,log,normal_log,True,True,-1.2678778011629064,-0.18002739986845245,0.3677588715631432,0.835247325430895,0.6704946508617899,0.2814282351617358,1.4130189797957757,1.0,0.7571240125168034
1860-1919,literal_raw_birth_rule,unrestricted,level,normal_log,False,True,-1.3594214264901956,-0.11264616549899088,0.41961385040303245,0.8934667435514781,0.7869334871029563,0.2568093170466449,1.7185940830958115,1.0,0.8660784341004604
1860-1919,literal_raw_birth_rule,unrestricted,level,normal_log,True,False,-1.3584095582090967,-0.14186582886043586,0.4245043900490495,0.8677376740283693,0.7354753480567386,0.25706930576384024,1.6532511623592678,1.0,0.8504631216879414
1860-1919,literal_raw_birth_rule,ph_fixed,log,normal_log,False,True,-0.7176750332479178,-0.29579136045967996,0.29579136045967996,0.7439426276770871,0.48788525535417415,0.4878852553541742,0.9999999999999999,1.0,0.14823044824966514
1860-1919,literal_raw_birth_rule,ph_fixed,log,normal_log,True,True,-0.9265616166945038,-0.35959873387881364,0.3595987338788137,0.697956336119753,0.3959126722395061,0.39591267223950616,0.9999999999999999,1.0,0.16536008826168413
1860-1919,literal_raw_birth_rule,ph_fixed,level,normal_log,False,True,-0.9230480708345186,-0.3586009573649346,0.3586009573649346,0.6986530881032242,0.3973061762064484,0.3973061762064485,0.9999999999999999,1.0,0.4630964354493111
1860-1919,literal_raw_birth_rule,ph_fixed,level,normal_log,True,True,-1.0273483191545292,-0.38716737338197327,0.3871673733819733,0.678977442664858,0.3579548853297162,0.35795488532971625,0.9999999999999999,1.0,0.6764083694585064
1860-1919,literal_raw_birth_rule,ph_free,log,normal_log,False,True,-1.1501728197185133,-0.16107081386490713,0.16107081386490707,0.851231789959827,0.7024635799196539,0.702463579919654,0.9999999999999999,0.45067397382519997,0.7566260659561049
1860-1919,literal_raw_birth_rule,ph_free,log,normal_log,True,False,-1.1837088794276278,-0.19501763072747189,0.19501763072747197,0.822820151010293,0.6456403020205862,0.6456403020205863,0.9999999999999999,0.4741667901939692,0.7021242210413261
1860-1919,literal_raw_birth_rule,ph_free,level,normal_log,False,True,-1.0959953699683729,-0.18521443754653136,0.18521443754653133,0.8309260829957448,0.6618521659914895,0.6618521659914897,0.9999999999999999,0.504956845520704,0.7792935590176957
1860-1919,literal_raw_birth_rule,ph_free,level,normal_log,True,False,-1.166910743436027,-0.1962765394492126,0.19627653944921264,0.8217849472959748,0.6435698945919497,0.6435698945919498,0.9999999999999999,0.4837504512141004,0.6801070299670049
1860-1919,literal_raw_birth_rule,genetic,log,normal_log,False,True,-1.0582365573259755,-0.17538992505099932,0.0,0.8391297592554499,0.6782595185108997,0.3470673042994724,0.23540170270503608,1.0,0.6596493867913982
1860-1919,literal_raw_birth_rule,genetic,log,normal_log,True,True,-1.161782312617583,-0.19349962603638474,0.0,0.8240701443673036,0.6481402887346073,0.31292794812739716,0.2028212106524194,1.0,0.6078588333187288
1860-1919,literal_raw_birth_rule,genetic,level,normal_log,False,True,-1.0010579379356188,-0.19044521622144464,0.0,0.8265910402691765,0.6531820805383531,0.36749045335365793,0.2400381788995249,1.0,0.6044637066873917
1860-1919,literal_raw_birth_rule,genetic,level,normal_log,True,True,-1.2246058261066066,-0.15057205741380317,0.0,0.8602157428523802,0.7204314857047606,0.29387351476399853,0.21171573285070736,1.0,0.5279711749759716
1860-1919,literal_raw_birth_rule,unrestricted,log,student_corr,False,True,-0.7840025598804437,-0.29479962192410747,0.0345267663265686,0.7446807902208282,0.48936158044165645,0.4565748808447102,0.5416824575244834,1.0,0.7714571174181408
1860-1919,literal_raw_birth_rule,unrestricted,level,student_corr,False,True,-1.272744733584605,-0.16390887468241733,0.3554992742860708,0.8488193672905053,0.6976387345810107,0.280061870658588,1.4223486357390414,1.0,0.8182461875034079
1860-1919,literal_raw_birth_rule,ph_fixed,log,student_corr,False,True,-0.7426325453985827,-0.3039066192765886,0.3039066192765886,0.7379297716492359,0.4758595432984717,0.47585954329847174,0.9999999999999999,1.0,0.760711766265807
1860-1919,literal_raw_birth_rule,ph_fixed,level,student_corr,False,True,-0.8489704985863169,-0.33697373438603145,0.3369737343860314,0.7139275914029765,0.42785518280595286,0.4278551828059529,0.9999999999999999,1.0,0.47251543260061557
1860-1919,literal_raw_birth_rule,ph_free,log,student_corr,False,True,-0.7840025551477056,-0.2947996225439951,0.03452673771492649,0.7446807897592098,0.48936157951841974,0.9034105008083272,0.5416824124587473,0.5053902767313849,0.7714571174181408
1860-1919,literal_raw_birth_rule,ph_free,level,student_corr,False,True,-1.1750960694719916,-0.18271894501049515,0.18271894501049518,0.8330022422764156,0.6660044845528311,0.6660044845528312,0.9999999999999999,0.46364449519297185,0.7976296565162725
1860-1919,literal_raw_birth_rule,genetic,log,student_corr,False,True,-0.773777197264546,-0.29630141403243093,0.0,0.743563273835534,0.4871265476710681,0.46126747541590435,0.22469563285229877,1.0,0.7713524687512948
1860-1919,literal_raw_birth_rule,genetic,level,student_corr,False,True,-1.1330276135696336,-0.18564670837054686,0.0,0.8305669755145875,0.661133951029175,0.3220567155917513,0.21292262883465388,1.0,0.7391261651035196
1860-1919,literal_raw_birth_rule,unrestricted,log,student_log,False,True,-1.3417002889056409,-0.11866361828753398,0.38507812469901515,0.8881064933048491,0.7762129866096983,0.2614008335762274,1.6105519836728446,1.0,0.8020440518344553
1860-1919,literal_raw_birth_rule,unrestricted,level,student_log,False,True,-1.363558687747676,-0.11144915459273698,0.4180377082718642,0.894536873338621,0.789073746677242,0.25574902467435673,1.7175635745523699,1.0,0.8603713933116719
1860-1919,literal_raw_birth_rule,ph_fixed,log,student_log,False,True,-0.7144995701020164,-0.29474899817348704,0.2947489981734871,0.7447184897096809,0.48943697941936176,0.4894369794193618,0.9999999999999999,1.0,0.12658705984641916
1860-1919,literal_raw_birth_rule,ph_fixed,level,student_log,False,True,-0.9192848930362862,-0.35752950415190266,0.35752950415190277,0.6994020633735943,0.3988041267471886,0.3988041267471887,0.9999999999999999,1.0,0.42814796761739715
1860-1919,literal_raw_birth_rule,ph_free,log,student_log,False,True,-1.1590835287306185,-0.15917506055881142,0.15917506055881145,0.8528470460196518,0.7056940920393036,0.7056940920393037,0.9999999999999999,0.4446312037923028,0.7495245698295305
1860-1919,literal_raw_birth_rule,ph_free,level,student_log,False,True,-1.1053196473900926,-0.181821340347609,0.18182134034760897,0.8337502846462127,0.6675005692924254,0.6675005692924255,0.9999999999999999,0.4960370727739275,0.7699345656054629
1860-1919,literal_raw_birth_rule,genetic,log,student_log,False,True,-1.0729211488122627,-0.17245241156717758,0.0,0.8415983382048029,0.6831966764096059,0.3420080005362644,0.23365872927187056,1.0,0.6545677846430298
1860-1919,literal_raw_birth_rule,genetic,level,student_log,False,True,-1.0201891738819198,-0.18509761963673707,0.0,0.8310231557137595,0.6620463114275191,0.3605267314803002,0.23868539274755238,1.0,0.5953069548540597
1860-1919,literal_raw_birth_rule,unrestricted,log,binary_corr,False,True,-0.46113452995367665,-0.3677575947372685,-0.18237331834705112,0.6922849748721523,0.3845699497443047,0.6305678414291952,0.15374857009009446,1.0,0.8127327120946346
1860-1919,literal_raw_birth_rule,unrestricted,level,binary_corr,False,True,-1.215634824054296,-0.1997952430467126,0.33887468401128235,0.8188984110565275,0.637796822113055,0.2965217154144737,1.2984307823132006,1.0,0.7885465052920555
1860-1919,literal_raw_birth_rule,ph_fixed,log,binary_corr,False,True,-0.4909625680713731,-0.364124190073375,0.16358500944214582,0.69480490151294,0.38960980302588,0.6120369832972534,0.636578856602616,1.0,0.8094556041005122
1860-1919,literal_raw_birth_rule,ph_fixed,level,binary_corr,False,True,-0.8194565552853629,-0.32803815482498794,0.32803815482498794,0.7203355349046989,0.44067106980939774,0.4406710698093978,0.9999999999999999,1.0,0.5702362238664991
1860-1919,literal_raw_birth_rule,ph_free,log,binary_corr,False,True,-0.49396466425758706,-0.36345226866546015,0.0,0.6952719126804209,0.39054382536084176,0.9999999999999999,0.3905438253608418,0.6102023446626014,0.8118613590470434
1860-1919,literal_raw_birth_rule,ph_free,level,binary_corr,False,True,-1.166340022441865,-0.20772321255551637,0.20772321255551646,0.812431876537007,0.624863753074014,0.6248637530740141,0.9999999999999999,0.4985166079188384,0.7829195802451568
1860-1919,literal_raw_birth_rule,genetic,log,binary_corr,False,True,-0.49396466652028276,-0.36345226855354573,0.0,0.6952719127582319,0.39054382551646377,0.610202343281899,0.23831075748442332,1.0,0.8118613590470434
1860-1919,literal_raw_birth_rule,genetic,level,binary_corr,False,True,-1.1303913498025653,-0.2111292834410717,0.0,0.8096693832704938,0.6193387665409875,0.322906862154929,0.1999887377146544,1.0,0.7555741982981227
1860-1919,literal_raw_birth_rule,unrestricted,log,binary_log,False,True,-1.30493146768782,-0.13722824835003666,0.3587855583981554,0.871771223078637,0.7435424461572739,0.2711911197632458,1.4960375403741084,1.0,0.7221140757438098
1860-1919,literal_raw_birth_rule,unrestricted,level,binary_log,False,True,-1.405439997868234,-0.10498440062514952,0.43856173957518163,0.9003385671955237,0.8006771343910475,0.24525911921897,1.7919060078128557,1.0,0.8381488093707078
1860-1919,literal_raw_birth_rule,ph_fixed,log,binary_log,False,True,-0.6869045367793456,-0.2855968581260075,0.28559685812600755,0.7515655424228103,0.5031310848456204,0.5031310848456205,0.9999999999999999,1.0,0.2260444530585991
1860-1919,literal_raw_birth_rule,ph_fixed,level,binary_log,False,True,-0.8985191345085441,-0.3515650355468455,0.35156503554684543,0.7035860903678739,0.40717218073574785,0.4071721807357479,0.9999999999999999,1.0,0.1876415162619267
1860-1919,literal_raw_birth_rule,ph_free,log,binary_log,False,True,-1.1853626768143792,-0.1612093685186206,0.16120936851862055,0.851113856004277,0.7022277120085542,0.7022277120085543,0.9999999999999999,0.4352367577174879,0.6970774495102147
1860-1919,literal_raw_birth_rule,ph_free,level,binary_log,False,True,-1.1721170928949336,-0.15992603203086778,0.1599260320308678,0.8522068226428976,0.7044136452857951,0.7044136452857952,0.9999999999999999,0.43967143843183176,0.7239253578906951
1860-1919,literal_raw_birth_rule,genetic,log,binary_log,False,True,-1.119477860878236,-0.1713806869549217,0.0,0.8425007833574527,0.6850015667149055,0.3264502025529052,0.2236189002031383,1.0,0.6414808383831563
1860-1919,literal_raw_birth_rule,genetic,level,binary_log,False,True,-1.136525241307594,-0.15566980432534755,0.0,0.855841738960682,0.711683477921364,0.3209322487196998,0.22840217894596015,1.0,0.5753492357889767
1860-1919,literal_raw_birth_rule,unrestricted,log,inverse_se_corr,False,True,-0.8017135916243198,-0.29487153278690226,0.05247724183664924,0.7446272415080869,0.4892544830161738,0.4485596570950301,0.5694933960441579,1.0,0.7857320782256209
1860-1919,literal_raw_birth_rule,unrestricted,level,inverse_se_corr,False,True,-1.2725559017812982,-0.16500278095512963,0.35717577441617776,0.8478913461368487,0.6957826922736974,0.2801147602401223,1.4237602923459973,1.0,0.8399838758563501
1860-1919,literal_raw_birth_rule,ph_fixed,log,inverse_se_corr,False,True,-0.7515518201255376,-0.30677376908356957,0.30677376908356946,0.735817046643745,0.47163409328749,0.47163409328749006,0.9999999999999999,1.0,0.7709434921408826
1860-1919,literal_raw_birth_rule,ph_fixed,level,inverse_se_corr,False,True,-0.8768706028287956,-0.34525259570317685,0.3452525957031769,0.7080414826415637,0.4160829652831275,0.41608296528312755,0.9999999999999999,1.0,0.5474705525574209
1860-1919,literal_raw_birth_rule,ph_free,log,inverse_se_corr,False,True,-0.8017135820098715,-0.2948715342893633,0.0524772239938189,0.7446272403893135,0.48925448077862704,0.8591047942987811,0.5694933656818509,0.5221245002756705,0.785732078225621
1860-1919,literal_raw_birth_rule,ph_free,level,inverse_se_corr,False,True,-1.1525543716771278,-0.18874500821170184,0.18874500821170184,0.8279976123703678,0.6559952247407357,0.6559952247407358,0.9999999999999999,0.48145014108504025,0.8176635313808975
1860-1919,literal_raw_birth_rule,genetic,log,inverse_se_corr,False,True,-0.7808045834052899,-0.29792521583452714,0.0,0.7423568542097723,0.48471370841954453,0.4580373337714438,0.2220169746469572,1.0,0.7854170222226173
1860-1919,literal_raw_birth_rule,genetic,level,inverse_se_corr,False,True,-1.0901375100454875,-0.19338463338372266,0.0,0.8241649118278604,0.6483298236557208,0.3361702637400053,0.2179492078088548,1.0,0.7472025905086097
1860-1919,literal_raw_birth_rule,unrestricted,log,inverse_se_log,False,True,-1.1955161465276034,-0.17310785217972802,0.2888103077338602,0.8410469012113304,0.6820938024226608,0.3025477549016258,1.2453235613095317,1.0,0.7413343471373557
1860-1919,literal_raw_birth_rule,unrestricted,level,inverse_se_log,False,True,-1.3439602820926966,-0.12574994358601066,0.3959410303257827,0.8818353277957193,0.7636706555914385,0.26081073653206766,1.6204295829739852,1.0,0.847628091008343
1860-1919,literal_raw_birth_rule,ph_fixed,log,inverse_se_log,False,True,-0.7130667139900259,-0.2942779274546206,0.2942779274546206,0.7450693874263125,0.4901387748526249,0.49013877485262497,0.9999999999999999,1.0,0.4590630323520394
1860-1919,literal_raw_birth_rule,ph_fixed,level,inverse_se_log,False,True,-0.9128162416820619,-0.35568099999901076,0.35568099999901076,0.7006961066459878,0.40139221329197555,0.4013922132919756,0.9999999999999999,1.0,0.43345439479862813
1860-1919,literal_raw_birth_rule,ph_free,log,inverse_se_log,False,True,-1.1232444629868028,-0.1873506368646342,0.18735063686463427,0.8291529538168105,0.6583059076336211,0.6583059076336212,0.9999999999999999,0.4940300604593393,0.7355847441292502
1860-1919,literal_raw_birth_rule,ph_free,level,inverse_se_log,False,True,-1.128686339901837,-0.1785856259373876,0.17858562593738767,0.8364524317874016,0.6729048635748031,0.6729048635748032,0.9999999999999999,0.48068888884979166,0.7800272959792341
1860-1919,literal_raw_birth_rule,genetic,log,inverse_se_log,False,True,-1.0170100317261523,-0.20510066801141355,0.0,0.8145653116137672,0.6291306232275343,0.3616747210547667,0.22754064266283003,1.0,0.6959555364285093
1860-1919,literal_raw_birth_rule,genetic,level,inverse_se_log,False,True,-1.0535186303906448,-0.18102680676555796,0.0,0.8344129904825668,0.6688259809651337,0.34870861122140373,0.23322537897114476,1.0,0.6378078302216963
1860-1919,literal_raw_birth_rule,unrestricted,log,N_rho2,False,True,-1.3422038240018146,-0.11884674653717517,0.38073839297587675,0.8879438708080762,0.7758877416161525,0.26126924221556735,1.598771483457548,1.0,0.7936454764552978
1860-1919,literal_raw_birth_rule,unrestricted,level,N_rho2,False,True,-1.3676223839495525,-0.11029392472042354,0.4161984370510291,0.8955708661913098,0.7911417323826195,0.25471184714863637,1.7157052843462686,1.0,0.8543714347958639
1860-1919,literal_raw_birth_rule,ph_fixed,log,N_rho2,False,True,-0.7115315896797969,-0.2937727318321927,0.2937727318321926,0.745445888314538,0.49089177662907596,0.490891776629076,0.9999999999999999,1.0,0.10426550909196697
1860-1919,literal_raw_birth_rule,ph_fixed,level,N_rho2,False,True,-0.915520647309121,-0.35645485925734804,0.35645485925734804,0.7001540762312563,0.40030815246251245,0.4003081524625125,0.9999999999999999,1.0,0.3905802599596421
1860-1919,literal_raw_birth_rule,ph_free,log,N_rho2,False,True,-1.1680067021147502,-0.1573012230749087,0.15730122307490876,0.85444664100499,0.70889328200998,0.7088932820099801,0.9999999999999999,0.438692564756576,0.742351085513946
1860-1919,literal_raw_birth_rule,ph_free,level,N_rho2,False,True,-1.1151696252966985,-0.1783322831081374,0.17833228310813742,0.8366643678581122,0.6733287357162243,0.6733287357162244,0.9999999999999999,0.48692361323568156,0.7604166662132325
1860-1919,literal_raw_birth_rule,genetic,log,N_rho2,False,True,-1.0873666954573042,-0.1695965437716869,0.0,0.8440052670950671,0.6880105341901342,0.3371030208626475,0.23193042946081807,1.0,0.6496368870929226
1860-1919,literal_raw_birth_rule,genetic,level,N_rho2,False,True,-1.0394681111578508,-0.1798301097534005,0.0,0.8354121277282236,0.6708242554564473,0.3536427305663642,0.23723212142976627,1.0,0.5865162884968109
